#
# TABLE STRUCTURE FOR: communities
#
USE vk

INSERT INTO `users` (`id`, `email`, `phone`, `created_at`, `updated_at`) VALUES (1, 'hdonnelly@example.org', '+43(0)3016306205', '1979-12-30 21:57:35', '2015-11-26 09:46:10');
INSERT INTO `users` (`id`, `email`, `phone`, `created_at`, `updated_at`) VALUES (2, 'lo\'keefe@example.net', '052-884-5660x82353', '2006-05-16 20:28:52', '1976-10-05 01:22:32');
INSERT INTO `users` (`id`, `email`, `phone`, `created_at`, `updated_at`) VALUES (3, 'horacio.little@example.com', '(072)276-4818', '1980-01-06 10:03:22', '1986-06-19 17:42:15');
INSERT INTO `users` (`id`, `email`, `phone`, `created_at`, `updated_at`) VALUES (4, 'ypredovic@example.net', '091-512-5380x053', '1991-02-22 09:17:49', '2016-07-23 18:36:01');
INSERT INTO `users` (`id`, `email`, `phone`, `created_at`, `updated_at`) VALUES (5, 'macy.muller@example.com', '04812442157', '1970-08-03 16:40:58', '2002-12-09 01:40:45');
INSERT INTO `users` (`id`, `email`, `phone`, `created_at`, `updated_at`) VALUES (6, 'wdibbert@example.net', '480.488.8539', '1985-10-07 07:05:41', '1995-04-22 09:17:00');
INSERT INTO `users` (`id`, `email`, `phone`, `created_at`, `updated_at`) VALUES (7, 'dulce.marks@example.org', '326.220.8777', '1992-05-24 21:34:54', '1972-11-04 16:02:39');
INSERT INTO `users` (`id`, `email`, `phone`, `created_at`, `updated_at`) VALUES (8, 'kfritsch@example.net', '(528)494-2540', '1996-02-01 14:23:48', '1975-09-22 06:16:43');
INSERT INTO `users` (`id`, `email`, `phone`, `created_at`, `updated_at`) VALUES (9, 'yvette.bergnaum@example.net', '590.807.2226', '2021-01-28 14:53:33', '1994-05-09 18:17:31');
INSERT INTO `users` (`id`, `email`, `phone`, `created_at`, `updated_at`) VALUES (10, 'terry.pollich@example.com', '217.483.5103', '1989-06-21 20:58:38', '1999-10-10 17:48:47');
INSERT INTO `users` (`id`, `email`, `phone`, `created_at`, `updated_at`) VALUES (11, 'rowan87@example.com', '761-306-0903x858', '1983-03-31 05:45:32', '2016-08-19 03:49:24');
INSERT INTO `users` (`id`, `email`, `phone`, `created_at`, `updated_at`) VALUES (12, 'jpouros@example.com', '1-907-474-8919', '2012-12-03 12:19:03', '1983-09-12 15:15:27');
INSERT INTO `users` (`id`, `email`, `phone`, `created_at`, `updated_at`) VALUES (13, 'blick.frances@example.net', '1-397-315-0906x07703', '1987-06-17 13:02:33', '2009-05-14 07:45:06');
INSERT INTO `users` (`id`, `email`, `phone`, `created_at`, `updated_at`) VALUES (14, 'awunsch@example.org', '(696)002-6128', '2002-08-19 03:40:57', '2013-10-03 00:34:11');
INSERT INTO `users` (`id`, `email`, `phone`, `created_at`, `updated_at`) VALUES (15, 'ziemann.quinn@example.net', '020-014-8786x85903', '1977-05-10 17:52:27', '2007-02-18 02:07:04');
INSERT INTO `users` (`id`, `email`, `phone`, `created_at`, `updated_at`) VALUES (16, 'adele27@example.net', '1-920-318-8936x967', '2010-10-05 20:35:42', '2009-01-01 18:26:57');
INSERT INTO `users` (`id`, `email`, `phone`, `created_at`, `updated_at`) VALUES (17, 'mbeier@example.org', '(609)175-3929x20671', '2012-03-23 21:07:36', '1977-03-10 18:31:51');
INSERT INTO `users` (`id`, `email`, `phone`, `created_at`, `updated_at`) VALUES (18, 'sofia75@example.com', '133.871.6604x5847', '2011-06-09 05:27:24', '2013-05-26 07:43:20');
INSERT INTO `users` (`id`, `email`, `phone`, `created_at`, `updated_at`) VALUES (19, 'arianna.bechtelar@example.org', '08573806451', '1994-12-18 06:26:38', '1990-02-19 11:17:38');
INSERT INTO `users` (`id`, `email`, `phone`, `created_at`, `updated_at`) VALUES (20, 'eliseo51@example.net', '00966684280', '2013-08-28 08:20:24', '1985-08-09 08:15:20');
INSERT INTO `users` (`id`, `email`, `phone`, `created_at`, `updated_at`) VALUES (21, 'hollie54@example.net', '(436)451-7218x82831', '1978-09-11 19:53:59', '2017-08-30 11:57:37');
INSERT INTO `users` (`id`, `email`, `phone`, `created_at`, `updated_at`) VALUES (22, 'schuster.jovanny@example.org', '655.313.2517', '1993-12-11 10:16:39', '2017-11-03 08:42:54');
INSERT INTO `users` (`id`, `email`, `phone`, `created_at`, `updated_at`) VALUES (23, 'huel.neva@example.net', '549-688-1919', '2000-10-01 04:24:17', '1987-12-31 18:24:51');
INSERT INTO `users` (`id`, `email`, `phone`, `created_at`, `updated_at`) VALUES (24, 'avolkman@example.org', '(267)025-0761x080', '2019-04-13 19:08:02', '2012-07-28 01:33:59');
INSERT INTO `users` (`id`, `email`, `phone`, `created_at`, `updated_at`) VALUES (25, 'zpfeffer@example.org', '1-156-394-4192x992', '1997-11-03 22:20:50', '1996-09-03 20:26:48');
INSERT INTO `users` (`id`, `email`, `phone`, `created_at`, `updated_at`) VALUES (26, 'franco.mckenzie@example.net', '476-770-7687x79296', '2000-12-12 10:44:38', '2006-01-02 00:13:29');
INSERT INTO `users` (`id`, `email`, `phone`, `created_at`, `updated_at`) VALUES (27, 'sd\'amore@example.com', '(941)399-6270', '2011-08-09 06:12:51', '2010-06-04 15:42:17');
INSERT INTO `users` (`id`, `email`, `phone`, `created_at`, `updated_at`) VALUES (28, 'okuneva.julianne@example.org', '1-320-198-5298', '2011-02-24 14:00:33', '2015-06-17 01:11:20');
INSERT INTO `users` (`id`, `email`, `phone`, `created_at`, `updated_at`) VALUES (29, 'kiara19@example.net', '056.365.6957', '1984-09-29 01:04:39', '2007-05-22 10:21:18');
INSERT INTO `users` (`id`, `email`, `phone`, `created_at`, `updated_at`) VALUES (30, 'wlesch@example.com', '+00(3)2210208559', '1985-06-11 20:09:43', '1998-07-01 23:43:47');
INSERT INTO `users` (`id`, `email`, `phone`, `created_at`, `updated_at`) VALUES (31, 'pierce.schaden@example.net', '413-965-7647', '1975-09-02 02:49:54', '2016-12-21 03:41:32');
INSERT INTO `users` (`id`, `email`, `phone`, `created_at`, `updated_at`) VALUES (32, 'o\'conner.maxine@example.com', '(808)042-7384', '1984-01-21 15:21:19', '1996-03-31 02:26:18');
INSERT INTO `users` (`id`, `email`, `phone`, `created_at`, `updated_at`) VALUES (33, 'emard.ed@example.net', '1-376-596-6038x773', '1991-11-23 19:48:10', '1983-07-15 15:09:32');
INSERT INTO `users` (`id`, `email`, `phone`, `created_at`, `updated_at`) VALUES (34, 'ahauck@example.org', '543-228-0841', '2006-12-14 14:28:48', '1991-09-12 15:45:58');
INSERT INTO `users` (`id`, `email`, `phone`, `created_at`, `updated_at`) VALUES (35, 'hansen.allene@example.net', '1-907-898-2166', '2000-02-29 22:08:21', '1978-08-08 10:31:18');
INSERT INTO `users` (`id`, `email`, `phone`, `created_at`, `updated_at`) VALUES (36, 'geo.schaden@example.net', '038.481.7085x251', '1999-03-29 03:41:01', '2002-02-01 04:49:22');
INSERT INTO `users` (`id`, `email`, `phone`, `created_at`, `updated_at`) VALUES (37, 'alverta.mcglynn@example.net', '858.024.6634x2036', '2007-08-22 22:58:33', '2016-04-16 01:21:46');
INSERT INTO `users` (`id`, `email`, `phone`, `created_at`, `updated_at`) VALUES (38, 'omclaughlin@example.net', '+61(5)0531073261', '1978-09-12 20:43:11', '1970-11-19 13:29:30');
INSERT INTO `users` (`id`, `email`, `phone`, `created_at`, `updated_at`) VALUES (39, 'cdickens@example.com', '187-373-4566x250', '1997-11-21 20:18:23', '1977-11-04 07:26:49');
INSERT INTO `users` (`id`, `email`, `phone`, `created_at`, `updated_at`) VALUES (40, 'gutmann.selmer@example.net', '06911720911', '1986-03-12 19:58:11', '2018-10-14 19:13:08');
INSERT INTO `users` (`id`, `email`, `phone`, `created_at`, `updated_at`) VALUES (41, 'hellen.balistreri@example.com', '+48(2)5255737598', '1986-11-03 13:04:10', '1998-11-29 04:38:19');
INSERT INTO `users` (`id`, `email`, `phone`, `created_at`, `updated_at`) VALUES (42, 'lola10@example.org', '1-225-591-7995', '1998-05-28 15:18:22', '2003-09-20 13:23:50');
INSERT INTO `users` (`id`, `email`, `phone`, `created_at`, `updated_at`) VALUES (43, 'judy69@example.net', '080-672-5767x32376', '1979-07-19 05:10:02', '1976-09-25 14:49:40');
INSERT INTO `users` (`id`, `email`, `phone`, `created_at`, `updated_at`) VALUES (44, 'nelda73@example.com', '209-726-5760x36757', '1995-01-14 06:36:01', '1973-04-13 15:29:36');
INSERT INTO `users` (`id`, `email`, `phone`, `created_at`, `updated_at`) VALUES (45, 'katrina22@example.com', '1-287-261-6138x9009', '2002-09-11 04:23:13', '1993-11-20 04:59:01');
INSERT INTO `users` (`id`, `email`, `phone`, `created_at`, `updated_at`) VALUES (46, 'gbode@example.org', '1-985-239-7870x1836', '1977-08-27 15:34:05', '1994-08-03 09:52:32');
INSERT INTO `users` (`id`, `email`, `phone`, `created_at`, `updated_at`) VALUES (47, 'greenfelder.albert@example.org', '(501)022-0789', '1977-09-16 03:10:30', '1994-02-09 13:43:48');
INSERT INTO `users` (`id`, `email`, `phone`, `created_at`, `updated_at`) VALUES (48, 'berge.burdette@example.org', '1-509-182-2810x07489', '1976-01-23 14:41:16', '1985-09-18 00:43:27');
INSERT INTO `users` (`id`, `email`, `phone`, `created_at`, `updated_at`) VALUES (49, 'sandy42@example.com', '(923)399-9421', '1998-06-19 08:23:37', '1980-09-07 14:14:12');
INSERT INTO `users` (`id`, `email`, `phone`, `created_at`, `updated_at`) VALUES (50, 'gutmann.andy@example.org', '06832889332', '2015-10-18 23:58:03', '1991-07-24 05:20:24');
INSERT INTO `users` (`id`, `email`, `phone`, `created_at`, `updated_at`) VALUES (51, 'krajcik.kane@example.net', '210-711-1247', '1986-11-28 02:28:15', '1991-02-04 12:20:58');
INSERT INTO `users` (`id`, `email`, `phone`, `created_at`, `updated_at`) VALUES (52, 'hkuhlman@example.org', '681-903-8516x936', '1977-09-07 17:54:08', '2014-10-10 07:23:31');
INSERT INTO `users` (`id`, `email`, `phone`, `created_at`, `updated_at`) VALUES (53, 'nbruen@example.org', '1-387-631-4751x651', '1989-06-04 02:33:00', '2014-06-27 10:35:23');
INSERT INTO `users` (`id`, `email`, `phone`, `created_at`, `updated_at`) VALUES (54, 'lynch.rosalyn@example.org', '07567518280', '1993-01-30 10:51:02', '1999-11-16 11:19:03');
INSERT INTO `users` (`id`, `email`, `phone`, `created_at`, `updated_at`) VALUES (55, 'xrippin@example.org', '615-773-8659', '2017-11-29 02:13:41', '1996-12-19 23:20:47');
INSERT INTO `users` (`id`, `email`, `phone`, `created_at`, `updated_at`) VALUES (56, 'malachi.williamson@example.com', '(029)444-2415x966', '2002-06-09 05:00:21', '2010-03-07 15:08:19');
INSERT INTO `users` (`id`, `email`, `phone`, `created_at`, `updated_at`) VALUES (57, 'fisher.luciano@example.org', '1-394-149-3199', '1991-04-18 06:53:14', '1976-01-11 22:45:28');
INSERT INTO `users` (`id`, `email`, `phone`, `created_at`, `updated_at`) VALUES (58, 'jammie11@example.com', '006.571.7193x051', '2015-10-25 08:29:08', '2002-05-23 00:46:30');
INSERT INTO `users` (`id`, `email`, `phone`, `created_at`, `updated_at`) VALUES (59, 'adams.ayana@example.com', '1-306-368-3876', '1986-07-04 01:25:44', '1983-04-22 15:22:36');
INSERT INTO `users` (`id`, `email`, `phone`, `created_at`, `updated_at`) VALUES (60, 'eunice.larkin@example.org', '834-279-8418x631', '1971-06-07 08:09:14', '2020-11-17 06:19:51');
INSERT INTO `users` (`id`, `email`, `phone`, `created_at`, `updated_at`) VALUES (61, 'kole06@example.com', '(191)377-5890x556', '1977-05-11 16:56:08', '1994-03-25 19:43:16');
INSERT INTO `users` (`id`, `email`, `phone`, `created_at`, `updated_at`) VALUES (62, 'oscar.marvin@example.net', '318-220-9650', '1972-12-15 01:45:50', '1989-07-04 05:30:08');
INSERT INTO `users` (`id`, `email`, `phone`, `created_at`, `updated_at`) VALUES (63, 'loy30@example.org', '177-805-5533x91783', '1994-04-12 04:01:34', '2011-06-12 07:36:52');
INSERT INTO `users` (`id`, `email`, `phone`, `created_at`, `updated_at`) VALUES (64, 'timmy48@example.net', '587.345.5442x53603', '2001-11-13 17:48:45', '1979-04-28 03:24:02');
INSERT INTO `users` (`id`, `email`, `phone`, `created_at`, `updated_at`) VALUES (65, 'kenyatta.ziemann@example.net', '549.006.4700x21350', '1994-11-26 10:15:59', '2012-05-13 15:20:39');
INSERT INTO `users` (`id`, `email`, `phone`, `created_at`, `updated_at`) VALUES (66, 'lebsack.kade@example.org', '03213559792', '2011-04-22 20:41:16', '1994-04-12 16:53:19');
INSERT INTO `users` (`id`, `email`, `phone`, `created_at`, `updated_at`) VALUES (67, 'terry23@example.org', '323-305-9077x218', '1991-08-03 23:47:53', '2007-08-21 14:20:26');
INSERT INTO `users` (`id`, `email`, `phone`, `created_at`, `updated_at`) VALUES (68, 'qmayert@example.net', '(664)586-2836', '1994-08-26 17:53:14', '2002-11-08 19:42:26');
INSERT INTO `users` (`id`, `email`, `phone`, `created_at`, `updated_at`) VALUES (69, 'furman.connelly@example.com', '473.143.0250x92659', '2013-07-19 08:09:57', '2021-06-24 21:55:13');
INSERT INTO `users` (`id`, `email`, `phone`, `created_at`, `updated_at`) VALUES (70, 'hudson.janie@example.com', '1-865-715-6503', '1996-03-17 23:38:53', '1975-04-14 13:19:32');
INSERT INTO `users` (`id`, `email`, `phone`, `created_at`, `updated_at`) VALUES (71, 'darryl.klocko@example.net', '1-786-750-5453x385', '2002-11-04 06:49:26', '1982-01-29 10:31:10');
INSERT INTO `users` (`id`, `email`, `phone`, `created_at`, `updated_at`) VALUES (72, 'kub.lillie@example.org', '1-243-713-0530x9689', '1993-10-16 06:22:42', '1977-08-30 21:18:21');
INSERT INTO `users` (`id`, `email`, `phone`, `created_at`, `updated_at`) VALUES (73, 'vspencer@example.org', '00739022178', '2018-05-10 09:35:28', '1983-03-25 07:14:37');
INSERT INTO `users` (`id`, `email`, `phone`, `created_at`, `updated_at`) VALUES (74, 'torp.roslyn@example.com', '991-198-4363x32307', '1998-08-16 21:58:58', '2021-03-15 14:24:43');
INSERT INTO `users` (`id`, `email`, `phone`, `created_at`, `updated_at`) VALUES (75, 'bailey11@example.org', '329.435.7830x441', '2017-03-29 19:06:32', '1984-03-14 18:07:34');
INSERT INTO `users` (`id`, `email`, `phone`, `created_at`, `updated_at`) VALUES (76, 'waelchi.cruz@example.org', '976.356.0695', '2008-05-23 21:37:02', '2009-04-24 18:53:18');
INSERT INTO `users` (`id`, `email`, `phone`, `created_at`, `updated_at`) VALUES (77, 'elmira73@example.net', '583.007.0919', '1996-05-13 09:04:08', '1991-05-07 22:49:56');
INSERT INTO `users` (`id`, `email`, `phone`, `created_at`, `updated_at`) VALUES (78, 'harry.mertz@example.org', '03998230390', '1977-06-07 02:51:46', '2019-04-28 01:59:55');
INSERT INTO `users` (`id`, `email`, `phone`, `created_at`, `updated_at`) VALUES (79, 'nicolas.marietta@example.com', '+98(0)8686391389', '1977-07-03 03:26:18', '2009-08-03 05:59:28');
INSERT INTO `users` (`id`, `email`, `phone`, `created_at`, `updated_at`) VALUES (80, 'sruecker@example.org', '02502693586', '2004-05-04 05:14:53', '1973-09-17 16:12:51');
INSERT INTO `users` (`id`, `email`, `phone`, `created_at`, `updated_at`) VALUES (81, 'jrippin@example.org', '(293)883-6157x54200', '1991-11-11 22:35:08', '1978-10-24 06:37:44');
INSERT INTO `users` (`id`, `email`, `phone`, `created_at`, `updated_at`) VALUES (82, 'sallie69@example.net', '1-484-332-9963x9939', '2000-08-27 02:33:12', '1985-06-01 05:28:33');
INSERT INTO `users` (`id`, `email`, `phone`, `created_at`, `updated_at`) VALUES (83, 'mueller.fausto@example.org', '(020)491-1478x46332', '2000-06-23 13:04:33', '1986-01-12 17:56:56');
INSERT INTO `users` (`id`, `email`, `phone`, `created_at`, `updated_at`) VALUES (84, 'clemmie48@example.org', '1-678-337-1839x464', '2000-02-05 00:54:27', '1987-03-01 09:59:00');
INSERT INTO `users` (`id`, `email`, `phone`, `created_at`, `updated_at`) VALUES (85, 'zulauf.vallie@example.net', '+69(4)8813516320', '1988-09-07 13:53:22', '2009-01-05 08:10:17');
INSERT INTO `users` (`id`, `email`, `phone`, `created_at`, `updated_at`) VALUES (86, 'jparisian@example.com', '(969)646-7838', '2010-11-14 12:56:21', '1971-09-02 16:16:33');
INSERT INTO `users` (`id`, `email`, `phone`, `created_at`, `updated_at`) VALUES (87, 'kirk.lehner@example.net', '1-532-740-8187x40532', '2005-04-25 01:02:13', '1989-12-03 02:25:45');
INSERT INTO `users` (`id`, `email`, `phone`, `created_at`, `updated_at`) VALUES (88, 'deckow.miracle@example.net', '(060)055-1975x24594', '1979-10-05 11:27:37', '1972-03-07 15:15:55');
INSERT INTO `users` (`id`, `email`, `phone`, `created_at`, `updated_at`) VALUES (89, 'stracke.richie@example.com', '1-398-868-1895x95888', '2016-05-15 04:14:07', '2006-07-31 00:55:10');
INSERT INTO `users` (`id`, `email`, `phone`, `created_at`, `updated_at`) VALUES (90, 'terry.leffler@example.net', '1-353-475-8539x9673', '2013-03-27 00:39:44', '1978-09-24 15:48:51');
INSERT INTO `users` (`id`, `email`, `phone`, `created_at`, `updated_at`) VALUES (91, 'garrett19@example.net', '090-276-5814x834', '2017-04-21 07:30:00', '2002-09-15 10:08:35');
INSERT INTO `users` (`id`, `email`, `phone`, `created_at`, `updated_at`) VALUES (92, 'amos23@example.com', '07692425169', '1994-08-13 05:02:02', '2009-02-04 05:10:33');
INSERT INTO `users` (`id`, `email`, `phone`, `created_at`, `updated_at`) VALUES (93, 'krystina79@example.com', '01073599330', '1984-04-07 00:41:38', '2017-02-21 18:17:03');
INSERT INTO `users` (`id`, `email`, `phone`, `created_at`, `updated_at`) VALUES (94, 'kellen.white@example.com', '660-916-6873x35511', '1972-02-13 17:49:22', '2010-03-07 15:50:59');
INSERT INTO `users` (`id`, `email`, `phone`, `created_at`, `updated_at`) VALUES (95, 'nborer@example.com', '885.433.2748', '1988-12-06 07:12:19', '2014-09-27 04:22:30');
INSERT INTO `users` (`id`, `email`, `phone`, `created_at`, `updated_at`) VALUES (96, 'mia.friesen@example.org', '01061641388', '1979-05-16 13:37:10', '2011-07-18 02:21:34');
INSERT INTO `users` (`id`, `email`, `phone`, `created_at`, `updated_at`) VALUES (97, 'kenton40@example.org', '633.552.2165x43200', '1995-04-16 16:46:34', '1997-07-01 16:20:08');
INSERT INTO `users` (`id`, `email`, `phone`, `created_at`, `updated_at`) VALUES (98, 'tyreek30@example.org', '898.701.2974x8945', '2001-09-08 13:01:54', '1987-12-28 10:36:05');
INSERT INTO `users` (`id`, `email`, `phone`, `created_at`, `updated_at`) VALUES (99, 'lamar22@example.net', '810.817.7455x1702', '2021-04-05 09:13:02', '1978-03-07 01:46:14');
INSERT INTO `users` (`id`, `email`, `phone`, `created_at`, `updated_at`) VALUES (100, 'ggrant@example.net', '948.310.2326x7866', '1992-12-25 04:35:13', '1970-08-23 07:05:01');


INSERT INTO `profiles` (`id`, `user_id`, `first_name`, `last_name`, `birth_date`, `country`, `city`, `status`, `created_at`, `updated_at`) VALUES (1, 1, 'Darlene', 'Brown', '1981-08-03', 'French Polynesia', 'West Ivahtown', 'INACTIVE', '2019-04-05 22:23:27', '2020-04-17 23:54:48');
INSERT INTO `profiles` (`id`, `user_id`, `first_name`, `last_name`, `birth_date`, `country`, `city`, `status`, `created_at`, `updated_at`) VALUES (2, 2, 'Joan', 'Nikolaus', '1975-08-25', 'Ecuador', 'North Jacinto', 'INACTIVE', '2017-08-22 15:44:26', '2009-12-10 11:05:27');
INSERT INTO `profiles` (`id`, `user_id`, `first_name`, `last_name`, `birth_date`, `country`, `city`, `status`, `created_at`, `updated_at`) VALUES (3, 3, 'Kristoffer', 'Nikolaus', '1989-02-14', 'Saint Pierre and Miquelon', 'Gilesview', 'ONLINE', '1994-12-31 04:16:14', '1973-06-24 01:21:15');
INSERT INTO `profiles` (`id`, `user_id`, `first_name`, `last_name`, `birth_date`, `country`, `city`, `status`, `created_at`, `updated_at`) VALUES (4, 4, 'Janet', 'Larkin', '1975-04-27', 'Sao Tome and Principe', 'Port Fiona', 'OFFLINE', '2013-11-28 08:29:29', '1987-11-08 06:29:41');
INSERT INTO `profiles` (`id`, `user_id`, `first_name`, `last_name`, `birth_date`, `country`, `city`, `status`, `created_at`, `updated_at`) VALUES (5, 5, 'Reanna', 'Heller', '1997-11-08', 'Bahrain', 'South Dejuanstad', 'OFFLINE', '1991-03-01 04:01:41', '1983-04-19 23:53:32');
INSERT INTO `profiles` (`id`, `user_id`, `first_name`, `last_name`, `birth_date`, `country`, `city`, `status`, `created_at`, `updated_at`) VALUES (6, 6, 'Shanel', 'Collins', '2010-09-03', 'Kiribati', 'Orlofurt', 'ONLINE', '2000-02-23 00:57:36', '1998-12-11 20:04:49');
INSERT INTO `profiles` (`id`, `user_id`, `first_name`, `last_name`, `birth_date`, `country`, `city`, `status`, `created_at`, `updated_at`) VALUES (7, 7, 'Jose', 'Schneider', '2013-04-14', 'China', 'North Alexzandertown', 'OFFLINE', '2006-11-23 14:59:59', '2005-11-18 11:50:07');
INSERT INTO `profiles` (`id`, `user_id`, `first_name`, `last_name`, `birth_date`, `country`, `city`, `status`, `created_at`, `updated_at`) VALUES (8, 8, 'Laury', 'Lehner', '1973-08-16', 'Andorra', 'Isaiasfurt', 'OFFLINE', '1998-01-31 00:18:28', '2021-01-05 21:49:37');
INSERT INTO `profiles` (`id`, `user_id`, `first_name`, `last_name`, `birth_date`, `country`, `city`, `status`, `created_at`, `updated_at`) VALUES (9, 9, 'Jackie', 'Murphy', '1976-12-28', 'Saint Kitts and Nevis', 'Morartown', 'INACTIVE', '1996-10-29 09:19:31', '2011-12-20 13:32:41');
INSERT INTO `profiles` (`id`, `user_id`, `first_name`, `last_name`, `birth_date`, `country`, `city`, `status`, `created_at`, `updated_at`) VALUES (10, 10, 'Erna', 'Littel', '1996-09-28', 'Austria', 'Lake London', 'OFFLINE', '2010-10-30 15:29:11', '2020-04-04 12:49:43');
INSERT INTO `profiles` (`id`, `user_id`, `first_name`, `last_name`, `birth_date`, `country`, `city`, `status`, `created_at`, `updated_at`) VALUES (11, 11, 'Maida', 'Schultz', '1996-12-24', 'Antigua and Barbuda', 'Port Elianport', 'INACTIVE', '1988-04-04 17:37:26', '2016-10-23 09:21:54');
INSERT INTO `profiles` (`id`, `user_id`, `first_name`, `last_name`, `birth_date`, `country`, `city`, `status`, `created_at`, `updated_at`) VALUES (12, 12, 'Johnny', 'Harris', '1985-02-05', 'Mexico', 'Nikitamouth', 'INACTIVE', '2011-12-06 09:09:32', '1990-02-22 13:20:54');
INSERT INTO `profiles` (`id`, `user_id`, `first_name`, `last_name`, `birth_date`, `country`, `city`, `status`, `created_at`, `updated_at`) VALUES (13, 13, 'Cody', 'Flatley', '1998-04-20', 'San Marino', 'North Wilson', 'INACTIVE', '1987-09-20 15:46:42', '1999-10-05 16:46:07');
INSERT INTO `profiles` (`id`, `user_id`, `first_name`, `last_name`, `birth_date`, `country`, `city`, `status`, `created_at`, `updated_at`) VALUES (14, 14, 'Halle', 'Kling', '2000-09-02', 'Niger', 'Lauraburgh', 'ONLINE', '1975-04-29 05:19:10', '1970-02-07 15:22:02');
INSERT INTO `profiles` (`id`, `user_id`, `first_name`, `last_name`, `birth_date`, `country`, `city`, `status`, `created_at`, `updated_at`) VALUES (15, 15, 'Theodore', 'Hirthe', '1981-01-22', 'Central African Republic', 'East Allie', 'OFFLINE', '2007-09-05 21:57:05', '1988-09-10 07:31:30');
INSERT INTO `profiles` (`id`, `user_id`, `first_name`, `last_name`, `birth_date`, `country`, `city`, `status`, `created_at`, `updated_at`) VALUES (16, 16, 'Stanford', 'Glover', '1976-06-20', 'Western Sahara', 'Crooksburgh', 'INACTIVE', '1970-09-07 23:35:38', '2010-09-26 03:37:46');
INSERT INTO `profiles` (`id`, `user_id`, `first_name`, `last_name`, `birth_date`, `country`, `city`, `status`, `created_at`, `updated_at`) VALUES (17, 17, 'Ollie', 'Harris', '1982-06-10', 'Vanuatu', 'New Roscoe', 'INACTIVE', '1981-11-26 01:01:55', '2021-01-31 23:51:49');
INSERT INTO `profiles` (`id`, `user_id`, `first_name`, `last_name`, `birth_date`, `country`, `city`, `status`, `created_at`, `updated_at`) VALUES (18, 18, 'Maribel', 'Sipes', '2000-03-25', 'Switzerland', 'New Luna', 'OFFLINE', '2011-11-16 16:04:39', '2007-05-04 00:48:34');
INSERT INTO `profiles` (`id`, `user_id`, `first_name`, `last_name`, `birth_date`, `country`, `city`, `status`, `created_at`, `updated_at`) VALUES (19, 19, 'Austen', 'Ratke', '2004-11-09', 'Antarctica (the territory South of 60 deg S)', 'New Martinaburgh', 'ONLINE', '1996-11-16 19:35:22', '2003-02-26 10:21:55');
INSERT INTO `profiles` (`id`, `user_id`, `first_name`, `last_name`, `birth_date`, `country`, `city`, `status`, `created_at`, `updated_at`) VALUES (20, 20, 'Gennaro', 'Volkman', '1980-11-19', 'United States of America', 'Haileyborough', 'INACTIVE', '2013-04-03 14:21:30', '1988-11-30 20:45:12');
INSERT INTO `profiles` (`id`, `user_id`, `first_name`, `last_name`, `birth_date`, `country`, `city`, `status`, `created_at`, `updated_at`) VALUES (21, 21, 'Madaline', 'Beer', '2016-11-01', 'Kazakhstan', 'East Horacestad', 'INACTIVE', '2005-05-05 02:36:03', '2011-09-15 20:47:33');
INSERT INTO `profiles` (`id`, `user_id`, `first_name`, `last_name`, `birth_date`, `country`, `city`, `status`, `created_at`, `updated_at`) VALUES (22, 22, 'Claudie', 'Cruickshank', '1996-04-08', 'Dominica', 'New Marina', 'ONLINE', '1993-09-04 15:08:37', '2005-06-23 15:54:01');
INSERT INTO `profiles` (`id`, `user_id`, `first_name`, `last_name`, `birth_date`, `country`, `city`, `status`, `created_at`, `updated_at`) VALUES (23, 23, 'Lola', 'Berge', '1976-11-15', 'Belgium', 'East Nedrafort', 'OFFLINE', '1993-10-11 11:10:52', '1988-04-18 06:50:03');
INSERT INTO `profiles` (`id`, `user_id`, `first_name`, `last_name`, `birth_date`, `country`, `city`, `status`, `created_at`, `updated_at`) VALUES (24, 24, 'Tre', 'Friesen', '1990-05-02', 'Cook Islands', 'Hartmannmouth', 'OFFLINE', '1999-10-23 17:43:31', '2019-06-02 21:34:08');
INSERT INTO `profiles` (`id`, `user_id`, `first_name`, `last_name`, `birth_date`, `country`, `city`, `status`, `created_at`, `updated_at`) VALUES (25, 25, 'Eric', 'Haag', '1992-04-14', 'Latvia', 'Sandyview', 'ONLINE', '2014-05-29 20:03:44', '2003-07-28 22:26:31');
INSERT INTO `profiles` (`id`, `user_id`, `first_name`, `last_name`, `birth_date`, `country`, `city`, `status`, `created_at`, `updated_at`) VALUES (26, 26, 'Zelda', 'Sipes', '1970-12-11', 'Greenland', 'Constanceville', 'ONLINE', '1990-01-24 09:46:40', '2015-04-13 02:22:26');
INSERT INTO `profiles` (`id`, `user_id`, `first_name`, `last_name`, `birth_date`, `country`, `city`, `status`, `created_at`, `updated_at`) VALUES (27, 27, 'Niko', 'Reynolds', '2018-02-14', 'Kazakhstan', 'North Ansleyberg', 'OFFLINE', '1974-09-23 12:39:26', '1985-02-04 03:18:08');
INSERT INTO `profiles` (`id`, `user_id`, `first_name`, `last_name`, `birth_date`, `country`, `city`, `status`, `created_at`, `updated_at`) VALUES (28, 28, 'Nestor', 'Pollich', '2008-03-24', 'Dominica', 'East Jazlynland', 'ONLINE', '2010-04-17 20:57:03', '1977-08-26 06:16:14');
INSERT INTO `profiles` (`id`, `user_id`, `first_name`, `last_name`, `birth_date`, `country`, `city`, `status`, `created_at`, `updated_at`) VALUES (29, 29, 'Kelton', 'Leffler', '1997-03-07', 'Solomon Islands', 'North Kaceyburgh', 'INACTIVE', '2009-05-02 10:45:33', '1987-03-30 11:13:56');
INSERT INTO `profiles` (`id`, `user_id`, `first_name`, `last_name`, `birth_date`, `country`, `city`, `status`, `created_at`, `updated_at`) VALUES (30, 30, 'Christa', 'Johns', '1990-01-25', 'Zimbabwe', 'South Jaleel', 'OFFLINE', '2010-09-19 14:19:31', '2008-03-25 21:11:01');
INSERT INTO `profiles` (`id`, `user_id`, `first_name`, `last_name`, `birth_date`, `country`, `city`, `status`, `created_at`, `updated_at`) VALUES (31, 31, 'Dewayne', 'Rippin', '2004-01-01', 'Germany', 'East Randal', 'ONLINE', '1973-12-24 03:57:21', '1976-12-26 13:56:14');
INSERT INTO `profiles` (`id`, `user_id`, `first_name`, `last_name`, `birth_date`, `country`, `city`, `status`, `created_at`, `updated_at`) VALUES (32, 32, 'Tess', 'Boehm', '1988-04-11', 'Croatia', 'West Jeremieport', 'INACTIVE', '1992-12-18 23:07:51', '1991-12-22 13:32:09');
INSERT INTO `profiles` (`id`, `user_id`, `first_name`, `last_name`, `birth_date`, `country`, `city`, `status`, `created_at`, `updated_at`) VALUES (33, 33, 'Barrett', 'Gottlieb', '2001-11-10', 'Djibouti', 'Streichburgh', 'INACTIVE', '1985-07-19 00:18:10', '2013-03-02 12:48:50');
INSERT INTO `profiles` (`id`, `user_id`, `first_name`, `last_name`, `birth_date`, `country`, `city`, `status`, `created_at`, `updated_at`) VALUES (34, 34, 'Fernando', 'Frami', '2007-06-21', 'Saint Martin', 'Skilestown', 'OFFLINE', '1982-07-09 01:16:38', '1999-08-25 01:12:38');
INSERT INTO `profiles` (`id`, `user_id`, `first_name`, `last_name`, `birth_date`, `country`, `city`, `status`, `created_at`, `updated_at`) VALUES (35, 35, 'Cristal', 'Hammes', '2020-06-11', 'French Guiana', 'South Kaneview', 'ONLINE', '1996-12-17 11:31:35', '1984-05-20 01:49:52');
INSERT INTO `profiles` (`id`, `user_id`, `first_name`, `last_name`, `birth_date`, `country`, `city`, `status`, `created_at`, `updated_at`) VALUES (36, 36, 'Alexandra', 'Hartmann', '1990-07-27', 'Guinea', 'South Fabian', 'OFFLINE', '1979-01-07 15:53:08', '1988-04-26 10:35:37');
INSERT INTO `profiles` (`id`, `user_id`, `first_name`, `last_name`, `birth_date`, `country`, `city`, `status`, `created_at`, `updated_at`) VALUES (37, 37, 'Elvie', 'Waelchi', '1996-04-01', 'Rwanda', 'East Nathenview', 'INACTIVE', '2021-06-24 22:38:25', '1996-09-23 20:58:52');
INSERT INTO `profiles` (`id`, `user_id`, `first_name`, `last_name`, `birth_date`, `country`, `city`, `status`, `created_at`, `updated_at`) VALUES (38, 38, 'Kiera', 'Hauck', '1989-04-22', 'Tonga', 'Doylemouth', 'INACTIVE', '2018-05-11 17:01:55', '2020-02-03 21:49:49');
INSERT INTO `profiles` (`id`, `user_id`, `first_name`, `last_name`, `birth_date`, `country`, `city`, `status`, `created_at`, `updated_at`) VALUES (39, 39, 'Mollie', 'Kiehn', '2021-04-26', 'Nigeria', 'North Keelyhaven', 'INACTIVE', '1970-09-20 21:03:33', '2015-01-22 10:44:18');
INSERT INTO `profiles` (`id`, `user_id`, `first_name`, `last_name`, `birth_date`, `country`, `city`, `status`, `created_at`, `updated_at`) VALUES (40, 40, 'Armani', 'Little', '1981-10-16', 'Nauru', 'Taniafurt', 'INACTIVE', '1984-11-25 05:15:23', '2012-11-15 16:33:30');
INSERT INTO `profiles` (`id`, `user_id`, `first_name`, `last_name`, `birth_date`, `country`, `city`, `status`, `created_at`, `updated_at`) VALUES (41, 41, 'Kara', 'Becker', '2010-08-23', 'Jamaica', 'Bartonland', 'ONLINE', '2011-04-20 13:38:24', '1974-08-18 04:18:54');
INSERT INTO `profiles` (`id`, `user_id`, `first_name`, `last_name`, `birth_date`, `country`, `city`, `status`, `created_at`, `updated_at`) VALUES (42, 42, 'Keven', 'McCullough', '2013-03-01', 'Norway', 'Rolfsonstad', 'OFFLINE', '2012-06-05 15:45:19', '1974-11-27 07:54:42');
INSERT INTO `profiles` (`id`, `user_id`, `first_name`, `last_name`, `birth_date`, `country`, `city`, `status`, `created_at`, `updated_at`) VALUES (43, 43, 'Jany', 'Koelpin', '2002-01-28', 'Nepal', 'New Reggie', 'OFFLINE', '1983-07-01 23:31:05', '2003-12-07 13:36:28');
INSERT INTO `profiles` (`id`, `user_id`, `first_name`, `last_name`, `birth_date`, `country`, `city`, `status`, `created_at`, `updated_at`) VALUES (44, 44, 'Mortimer', 'Bernhard', '1997-11-22', 'Lesotho', 'North Dora', 'ONLINE', '2012-10-14 04:53:00', '2008-10-02 06:16:39');
INSERT INTO `profiles` (`id`, `user_id`, `first_name`, `last_name`, `birth_date`, `country`, `city`, `status`, `created_at`, `updated_at`) VALUES (45, 45, 'Americo', 'Reinger', '1977-03-20', 'Guam', 'West Arjunchester', 'ONLINE', '1971-02-22 22:57:30', '2017-05-06 11:26:51');
INSERT INTO `profiles` (`id`, `user_id`, `first_name`, `last_name`, `birth_date`, `country`, `city`, `status`, `created_at`, `updated_at`) VALUES (46, 46, 'Joelle', 'Kreiger', '2020-06-17', 'Syrian Arab Republic', 'South Adahchester', 'OFFLINE', '2019-09-16 11:01:27', '1985-04-26 06:05:28');
INSERT INTO `profiles` (`id`, `user_id`, `first_name`, `last_name`, `birth_date`, `country`, `city`, `status`, `created_at`, `updated_at`) VALUES (47, 47, 'Kris', 'Abshire', '2012-03-18', 'Canada', 'Beierburgh', 'INACTIVE', '2002-09-18 14:03:19', '2020-08-05 00:56:44');
INSERT INTO `profiles` (`id`, `user_id`, `first_name`, `last_name`, `birth_date`, `country`, `city`, `status`, `created_at`, `updated_at`) VALUES (48, 48, 'Ansel', 'Will', '1995-01-06', 'Zimbabwe', 'Elwinshire', 'ONLINE', '1984-12-07 17:46:00', '2002-12-25 23:37:48');
INSERT INTO `profiles` (`id`, `user_id`, `first_name`, `last_name`, `birth_date`, `country`, `city`, `status`, `created_at`, `updated_at`) VALUES (49, 49, 'Elinor', 'Quitzon', '1977-09-20', 'Qatar', 'East Isabellafurt', 'INACTIVE', '1980-04-23 22:02:26', '1975-07-18 09:28:29');
INSERT INTO `profiles` (`id`, `user_id`, `first_name`, `last_name`, `birth_date`, `country`, `city`, `status`, `created_at`, `updated_at`) VALUES (50, 50, 'Blaise', 'Okuneva', '1980-11-24', 'Honduras', 'New Jazlynmouth', 'OFFLINE', '1999-11-07 05:11:36', '1998-08-16 10:30:40');
INSERT INTO `profiles` (`id`, `user_id`, `first_name`, `last_name`, `birth_date`, `country`, `city`, `status`, `created_at`, `updated_at`) VALUES (51, 51, 'Lexus', 'Schmeler', '1976-11-15', 'Niger', 'Kubton', 'OFFLINE', '1975-09-04 07:08:20', '2003-02-11 23:25:28');
INSERT INTO `profiles` (`id`, `user_id`, `first_name`, `last_name`, `birth_date`, `country`, `city`, `status`, `created_at`, `updated_at`) VALUES (52, 52, 'Sammy', 'Dibbert', '1986-08-09', 'Benin', 'Rolfsonton', 'INACTIVE', '1974-09-13 09:24:06', '2012-10-25 23:29:16');
INSERT INTO `profiles` (`id`, `user_id`, `first_name`, `last_name`, `birth_date`, `country`, `city`, `status`, `created_at`, `updated_at`) VALUES (53, 53, 'Anderson', 'Ledner', '1987-07-29', 'Italy', 'New Justus', 'OFFLINE', '1981-12-04 07:25:35', '1989-01-09 00:54:23');
INSERT INTO `profiles` (`id`, `user_id`, `first_name`, `last_name`, `birth_date`, `country`, `city`, `status`, `created_at`, `updated_at`) VALUES (54, 54, 'Reina', 'Schultz', '2015-01-07', 'Portugal', 'Hickleview', 'ONLINE', '2003-08-18 08:52:02', '2011-06-18 12:14:30');
INSERT INTO `profiles` (`id`, `user_id`, `first_name`, `last_name`, `birth_date`, `country`, `city`, `status`, `created_at`, `updated_at`) VALUES (55, 55, 'Karina', 'Wyman', '2012-04-13', 'Lesotho', 'West Ryley', 'OFFLINE', '1970-06-26 15:52:43', '1981-12-15 01:09:32');
INSERT INTO `profiles` (`id`, `user_id`, `first_name`, `last_name`, `birth_date`, `country`, `city`, `status`, `created_at`, `updated_at`) VALUES (56, 56, 'Austin', 'Swaniawski', '1977-02-04', 'Yemen', 'North Abelardo', 'OFFLINE', '2001-05-07 15:41:49', '1974-04-02 14:01:17');
INSERT INTO `profiles` (`id`, `user_id`, `first_name`, `last_name`, `birth_date`, `country`, `city`, `status`, `created_at`, `updated_at`) VALUES (57, 57, 'Glennie', 'Mann', '1973-08-18', 'Colombia', 'Donnellystad', 'OFFLINE', '2020-12-14 09:28:20', '1995-08-17 11:20:29');
INSERT INTO `profiles` (`id`, `user_id`, `first_name`, `last_name`, `birth_date`, `country`, `city`, `status`, `created_at`, `updated_at`) VALUES (58, 58, 'Woodrow', 'Klocko', '1991-11-13', 'Antigua and Barbuda', 'Lake Cierra', 'ONLINE', '1985-10-10 20:29:42', '1992-08-03 20:45:36');
INSERT INTO `profiles` (`id`, `user_id`, `first_name`, `last_name`, `birth_date`, `country`, `city`, `status`, `created_at`, `updated_at`) VALUES (59, 59, 'Rosalinda', 'Mayert', '1998-01-28', 'Mayotte', 'Abernathyhaven', 'ONLINE', '2001-12-01 23:26:07', '1987-12-23 17:46:25');
INSERT INTO `profiles` (`id`, `user_id`, `first_name`, `last_name`, `birth_date`, `country`, `city`, `status`, `created_at`, `updated_at`) VALUES (60, 60, 'Adele', 'Kuhic', '1971-09-22', 'Australia', 'West Rene', 'OFFLINE', '1983-01-01 17:25:42', '2015-12-18 16:46:01');
INSERT INTO `profiles` (`id`, `user_id`, `first_name`, `last_name`, `birth_date`, `country`, `city`, `status`, `created_at`, `updated_at`) VALUES (61, 61, 'Myrtice', 'Beatty', '1992-11-25', 'Martinique', 'Medastad', 'INACTIVE', '2001-01-10 10:39:05', '1980-09-18 22:20:41');
INSERT INTO `profiles` (`id`, `user_id`, `first_name`, `last_name`, `birth_date`, `country`, `city`, `status`, `created_at`, `updated_at`) VALUES (62, 62, 'Lavinia', 'Koelpin', '1996-05-01', 'Moldova', 'West Khalil', 'ONLINE', '2007-10-27 17:06:41', '1978-08-08 19:28:17');
INSERT INTO `profiles` (`id`, `user_id`, `first_name`, `last_name`, `birth_date`, `country`, `city`, `status`, `created_at`, `updated_at`) VALUES (63, 63, 'May', 'Hilpert', '2010-02-07', 'Iran', 'Lake Camille', 'ONLINE', '1996-04-24 00:58:36', '2004-05-23 11:45:27');
INSERT INTO `profiles` (`id`, `user_id`, `first_name`, `last_name`, `birth_date`, `country`, `city`, `status`, `created_at`, `updated_at`) VALUES (64, 64, 'Adrien', 'Yost', '1983-04-27', 'United States of America', 'Benjaminmouth', 'ONLINE', '2009-08-27 12:55:45', '1974-09-22 09:37:32');
INSERT INTO `profiles` (`id`, `user_id`, `first_name`, `last_name`, `birth_date`, `country`, `city`, `status`, `created_at`, `updated_at`) VALUES (65, 65, 'Isabel', 'Thiel', '2004-07-15', 'Luxembourg', 'West Sigurd', 'INACTIVE', '2003-12-13 05:03:25', '1971-05-01 09:11:53');
INSERT INTO `profiles` (`id`, `user_id`, `first_name`, `last_name`, `birth_date`, `country`, `city`, `status`, `created_at`, `updated_at`) VALUES (66, 66, 'Hazle', 'Graham', '2007-04-15', 'Bulgaria', 'North Berniece', 'ONLINE', '1982-07-21 11:26:12', '1984-03-19 14:50:24');
INSERT INTO `profiles` (`id`, `user_id`, `first_name`, `last_name`, `birth_date`, `country`, `city`, `status`, `created_at`, `updated_at`) VALUES (67, 67, 'Monica', 'Schinner', '1995-08-23', 'Oman', 'Dessieside', 'ONLINE', '1991-02-20 18:15:59', '1971-04-12 20:11:48');
INSERT INTO `profiles` (`id`, `user_id`, `first_name`, `last_name`, `birth_date`, `country`, `city`, `status`, `created_at`, `updated_at`) VALUES (68, 68, 'Romaine', 'Klocko', '1977-06-17', 'Bhutan', 'South Americo', 'OFFLINE', '1988-03-10 17:01:57', '2009-01-21 03:22:17');
INSERT INTO `profiles` (`id`, `user_id`, `first_name`, `last_name`, `birth_date`, `country`, `city`, `status`, `created_at`, `updated_at`) VALUES (69, 69, 'Jordy', 'Heathcote', '1984-08-03', 'Estonia', 'Port Issacstad', 'OFFLINE', '2002-01-10 23:05:08', '2000-02-14 19:10:24');
INSERT INTO `profiles` (`id`, `user_id`, `first_name`, `last_name`, `birth_date`, `country`, `city`, `status`, `created_at`, `updated_at`) VALUES (70, 70, 'Jennifer', 'Bradtke', '1975-11-14', 'Zimbabwe', 'Rodrickhaven', 'ONLINE', '2003-11-09 18:52:27', '2002-02-13 06:17:26');
INSERT INTO `profiles` (`id`, `user_id`, `first_name`, `last_name`, `birth_date`, `country`, `city`, `status`, `created_at`, `updated_at`) VALUES (71, 71, 'Blanca', 'Maggio', '1995-07-18', 'Sierra Leone', 'Wehnerton', 'OFFLINE', '2013-01-11 06:30:51', '1995-02-09 22:59:03');
INSERT INTO `profiles` (`id`, `user_id`, `first_name`, `last_name`, `birth_date`, `country`, `city`, `status`, `created_at`, `updated_at`) VALUES (72, 72, 'Yvonne', 'Moen', '2009-11-24', 'Azerbaijan', 'Henryton', 'OFFLINE', '2019-07-19 08:39:28', '2010-07-29 20:40:59');
INSERT INTO `profiles` (`id`, `user_id`, `first_name`, `last_name`, `birth_date`, `country`, `city`, `status`, `created_at`, `updated_at`) VALUES (73, 73, 'Brody', 'Jenkins', '2013-05-30', 'Tuvalu', 'Schoenside', 'OFFLINE', '1998-03-28 22:22:38', '1987-10-13 06:28:50');
INSERT INTO `profiles` (`id`, `user_id`, `first_name`, `last_name`, `birth_date`, `country`, `city`, `status`, `created_at`, `updated_at`) VALUES (74, 74, 'Ayla', 'Abshire', '1972-10-11', 'Syrian Arab Republic', 'South Shannon', 'OFFLINE', '1971-06-26 19:12:09', '1988-05-02 19:09:26');
INSERT INTO `profiles` (`id`, `user_id`, `first_name`, `last_name`, `birth_date`, `country`, `city`, `status`, `created_at`, `updated_at`) VALUES (75, 75, 'Elyse', 'Lind', '1979-10-23', 'Norfolk Island', 'Port Hardyburgh', 'OFFLINE', '1972-08-12 13:45:23', '2013-02-19 05:05:33');
INSERT INTO `profiles` (`id`, `user_id`, `first_name`, `last_name`, `birth_date`, `country`, `city`, `status`, `created_at`, `updated_at`) VALUES (76, 76, 'Lourdes', 'Hackett', '2015-10-14', 'Ethiopia', 'New Jaydamouth', 'OFFLINE', '1984-09-13 01:43:12', '2001-12-11 09:41:15');
INSERT INTO `profiles` (`id`, `user_id`, `first_name`, `last_name`, `birth_date`, `country`, `city`, `status`, `created_at`, `updated_at`) VALUES (77, 77, 'Mylene', 'Huel', '1999-04-20', 'Saudi Arabia', 'McGlynnview', 'ONLINE', '1983-06-19 21:24:02', '2002-01-18 13:25:06');
INSERT INTO `profiles` (`id`, `user_id`, `first_name`, `last_name`, `birth_date`, `country`, `city`, `status`, `created_at`, `updated_at`) VALUES (78, 78, 'Larue', 'White', '1989-10-02', 'Macao', 'West Madieborough', 'ONLINE', '1989-10-06 19:06:00', '2006-12-20 11:34:36');
INSERT INTO `profiles` (`id`, `user_id`, `first_name`, `last_name`, `birth_date`, `country`, `city`, `status`, `created_at`, `updated_at`) VALUES (79, 79, 'Alden', 'Torp', '1984-04-22', 'Belarus', 'East Vernmouth', 'INACTIVE', '1978-05-03 01:07:57', '1994-05-23 01:59:10');
INSERT INTO `profiles` (`id`, `user_id`, `first_name`, `last_name`, `birth_date`, `country`, `city`, `status`, `created_at`, `updated_at`) VALUES (80, 80, 'Amir', 'Kunze', '1975-08-19', 'Reunion', 'Lake Austin', 'INACTIVE', '1991-12-04 10:02:58', '2016-04-08 20:20:01');
INSERT INTO `profiles` (`id`, `user_id`, `first_name`, `last_name`, `birth_date`, `country`, `city`, `status`, `created_at`, `updated_at`) VALUES (81, 81, 'Josianne', 'Jacobi', '1978-10-13', 'Israel', 'Fabiolaberg', 'INACTIVE', '1981-08-13 07:30:46', '1974-07-31 10:49:37');
INSERT INTO `profiles` (`id`, `user_id`, `first_name`, `last_name`, `birth_date`, `country`, `city`, `status`, `created_at`, `updated_at`) VALUES (82, 82, 'Oceane', 'Walsh', '2003-04-10', 'Palau', 'Johnstonchester', 'OFFLINE', '2020-05-05 09:11:32', '2002-08-06 16:44:55');
INSERT INTO `profiles` (`id`, `user_id`, `first_name`, `last_name`, `birth_date`, `country`, `city`, `status`, `created_at`, `updated_at`) VALUES (83, 83, 'Justine', 'Rempel', '1992-11-26', 'Eritrea', 'Hodkiewiczbury', 'OFFLINE', '1975-06-04 21:18:38', '2009-01-07 12:42:59');
INSERT INTO `profiles` (`id`, `user_id`, `first_name`, `last_name`, `birth_date`, `country`, `city`, `status`, `created_at`, `updated_at`) VALUES (84, 84, 'Conor', 'Hoeger', '1984-03-30', 'Honduras', 'Langchester', 'OFFLINE', '1998-11-11 11:56:57', '2015-01-20 14:53:15');
INSERT INTO `profiles` (`id`, `user_id`, `first_name`, `last_name`, `birth_date`, `country`, `city`, `status`, `created_at`, `updated_at`) VALUES (85, 85, 'Susanna', 'Bins', '2003-10-21', 'Netherlands', 'North Marielletown', 'OFFLINE', '1997-06-11 18:12:42', '1975-12-26 20:25:48');
INSERT INTO `profiles` (`id`, `user_id`, `first_name`, `last_name`, `birth_date`, `country`, `city`, `status`, `created_at`, `updated_at`) VALUES (86, 86, 'Dylan', 'Ratke', '1977-06-12', 'Central African Republic', 'Runolfssonville', 'ONLINE', '2011-09-23 08:09:37', '1986-03-28 15:36:50');
INSERT INTO `profiles` (`id`, `user_id`, `first_name`, `last_name`, `birth_date`, `country`, `city`, `status`, `created_at`, `updated_at`) VALUES (87, 87, 'Lorna', 'Zulauf', '1987-03-31', 'Egypt', 'Beahanton', 'OFFLINE', '1976-07-03 22:39:30', '1982-03-09 06:25:05');
INSERT INTO `profiles` (`id`, `user_id`, `first_name`, `last_name`, `birth_date`, `country`, `city`, `status`, `created_at`, `updated_at`) VALUES (88, 88, 'Glen', 'Weber', '1973-11-09', 'Fiji', 'Lake Elveraview', 'OFFLINE', '1998-01-18 00:37:47', '2012-09-01 23:16:03');
INSERT INTO `profiles` (`id`, `user_id`, `first_name`, `last_name`, `birth_date`, `country`, `city`, `status`, `created_at`, `updated_at`) VALUES (89, 89, 'Jefferey', 'Larkin', '2015-05-09', 'Montenegro', 'South Zanderborough', 'OFFLINE', '2014-01-26 12:11:08', '2005-01-31 22:12:21');
INSERT INTO `profiles` (`id`, `user_id`, `first_name`, `last_name`, `birth_date`, `country`, `city`, `status`, `created_at`, `updated_at`) VALUES (90, 90, 'Maryjane', 'Walker', '2013-06-23', 'Denmark', 'New Maya', 'INACTIVE', '1979-09-16 09:29:18', '1975-03-11 05:27:20');
INSERT INTO `profiles` (`id`, `user_id`, `first_name`, `last_name`, `birth_date`, `country`, `city`, `status`, `created_at`, `updated_at`) VALUES (91, 91, 'Pattie', 'Stracke', '1974-03-15', 'United Kingdom', 'South Barbara', 'INACTIVE', '1977-09-23 19:11:37', '1996-03-02 18:46:14');
INSERT INTO `profiles` (`id`, `user_id`, `first_name`, `last_name`, `birth_date`, `country`, `city`, `status`, `created_at`, `updated_at`) VALUES (92, 92, 'Etha', 'Berge', '2007-09-20', 'Malta', 'Kadeborough', 'OFFLINE', '2001-04-27 02:49:44', '1984-10-21 11:07:32');
INSERT INTO `profiles` (`id`, `user_id`, `first_name`, `last_name`, `birth_date`, `country`, `city`, `status`, `created_at`, `updated_at`) VALUES (93, 93, 'Kristin', 'Upton', '2003-11-27', 'Mayotte', 'North Tinamouth', 'ONLINE', '2005-01-17 07:08:02', '1991-06-14 09:56:11');
INSERT INTO `profiles` (`id`, `user_id`, `first_name`, `last_name`, `birth_date`, `country`, `city`, `status`, `created_at`, `updated_at`) VALUES (94, 94, 'Muriel', 'Wiza', '1975-03-07', 'Tuvalu', 'Reginaldmouth', 'OFFLINE', '2013-11-15 17:47:24', '2010-10-22 15:13:11');
INSERT INTO `profiles` (`id`, `user_id`, `first_name`, `last_name`, `birth_date`, `country`, `city`, `status`, `created_at`, `updated_at`) VALUES (95, 95, 'Mikel', 'Bechtelar', '1972-07-17', 'Brunei Darussalam', 'West Lavinia', 'OFFLINE', '2018-04-25 15:44:49', '1979-04-24 21:55:03');
INSERT INTO `profiles` (`id`, `user_id`, `first_name`, `last_name`, `birth_date`, `country`, `city`, `status`, `created_at`, `updated_at`) VALUES (96, 96, 'Antonietta', 'Hodkiewicz', '1992-08-28', 'Bahamas', 'South Peytonside', 'ONLINE', '1981-02-05 02:26:00', '1984-10-17 19:13:09');
INSERT INTO `profiles` (`id`, `user_id`, `first_name`, `last_name`, `birth_date`, `country`, `city`, `status`, `created_at`, `updated_at`) VALUES (97, 97, 'Malvina', 'Lemke', '1984-01-28', 'Kyrgyz Republic', 'South Muhammad', 'ONLINE', '1995-12-27 04:59:05', '1987-06-07 14:51:06');
INSERT INTO `profiles` (`id`, `user_id`, `first_name`, `last_name`, `birth_date`, `country`, `city`, `status`, `created_at`, `updated_at`) VALUES (98, 98, 'Janick', 'Champlin', '2018-10-03', 'Anguilla', 'Lake Myra', 'OFFLINE', '1985-01-11 15:56:05', '1996-02-02 15:42:11');
INSERT INTO `profiles` (`id`, `user_id`, `first_name`, `last_name`, `birth_date`, `country`, `city`, `status`, `created_at`, `updated_at`) VALUES (99, 99, 'Stephania', 'Greenholt', '1971-02-13', 'Italy', 'East Triston', 'ONLINE', '2005-07-20 03:14:58', '1975-02-22 21:55:23');
INSERT INTO `profiles` (`id`, `user_id`, `first_name`, `last_name`, `birth_date`, `country`, `city`, `status`, `created_at`, `updated_at`) VALUES (100, 100, 'Litzy', 'Brekke', '2003-06-21', 'British Virgin Islands', 'South Gene', 'ONLINE', '2020-09-17 08:57:48', '1994-01-27 03:04:30');


#

INSERT INTO `communities` (`id`, `name`, `created_at`, `updated_at`) VALUES (1, 'omnis', '1975-07-12 02:04:32', '1993-09-17 08:28:40');
INSERT INTO `communities` (`id`, `name`, `created_at`, `updated_at`) VALUES (2, 'sed', '1990-02-06 09:14:37', '1992-11-08 11:54:57');
INSERT INTO `communities` (`id`, `name`, `created_at`, `updated_at`) VALUES (3, 'autem', '2001-09-09 19:12:16', '2017-01-13 14:41:40');
INSERT INTO `communities` (`id`, `name`, `created_at`, `updated_at`) VALUES (4, 'voluptatem', '2016-03-27 19:30:50', '2013-11-16 19:34:36');
INSERT INTO `communities` (`id`, `name`, `created_at`, `updated_at`) VALUES (5, 'iste', '1997-05-08 17:49:25', '1974-04-11 09:46:17');
INSERT INTO `communities` (`id`, `name`, `created_at`, `updated_at`) VALUES (6, 'sapiente', '1994-05-28 22:21:33', '2000-08-02 13:54:48');
INSERT INTO `communities` (`id`, `name`, `created_at`, `updated_at`) VALUES (7, 'est', '1996-05-23 18:10:32', '2015-12-05 14:17:09');
INSERT INTO `communities` (`id`, `name`, `created_at`, `updated_at`) VALUES (8, 'ut', '2016-10-31 23:30:38', '2011-05-25 03:38:04');
INSERT INTO `communities` (`id`, `name`, `created_at`, `updated_at`) VALUES (9, 'veniam', '1975-05-21 05:19:23', '1980-02-13 12:42:12');
INSERT INTO `communities` (`id`, `name`, `created_at`, `updated_at`) VALUES (10, 'odio', '1985-12-31 18:53:57', '2010-04-27 21:31:38');
INSERT INTO `communities` (`id`, `name`, `created_at`, `updated_at`) VALUES (11, 'veritatis', '2004-02-17 07:29:34', '1995-10-10 23:37:38');
INSERT INTO `communities` (`id`, `name`, `created_at`, `updated_at`) VALUES (12, 'et', '1979-10-08 06:53:39', '1978-12-12 06:11:03');
INSERT INTO `communities` (`id`, `name`, `created_at`, `updated_at`) VALUES (13, 'mollitia', '2006-01-09 20:02:08', '2002-07-12 14:20:15');
INSERT INTO `communities` (`id`, `name`, `created_at`, `updated_at`) VALUES (14, 'odit', '2017-04-27 23:37:57', '2010-04-05 09:51:07');
INSERT INTO `communities` (`id`, `name`, `created_at`, `updated_at`) VALUES (15, 'aut', '1992-09-25 00:08:48', '2016-07-08 00:01:41');
INSERT INTO `communities` (`id`, `name`, `created_at`, `updated_at`) VALUES (16, 'vitae', '2011-03-12 04:06:48', '1984-07-12 08:05:52');
INSERT INTO `communities` (`id`, `name`, `created_at`, `updated_at`) VALUES (17, 'neque', '1995-10-20 10:26:03', '1998-03-18 12:11:00');
INSERT INTO `communities` (`id`, `name`, `created_at`, `updated_at`) VALUES (18, 'ipsa', '1987-05-17 19:06:24', '2001-12-29 22:16:31');
INSERT INTO `communities` (`id`, `name`, `created_at`, `updated_at`) VALUES (19, 'sint', '2004-07-08 16:32:19', '2005-05-25 08:32:51');
INSERT INTO `communities` (`id`, `name`, `created_at`, `updated_at`) VALUES (20, 'alias', '2018-02-15 03:11:37', '1975-11-12 19:20:38');
INSERT INTO `communities` (`id`, `name`, `created_at`, `updated_at`) VALUES (21, 'hic', '1971-04-09 23:56:18', '2005-05-06 06:20:55');
INSERT INTO `communities` (`id`, `name`, `created_at`, `updated_at`) VALUES (22, 'tenetur', '2003-02-10 06:36:31', '2003-08-06 02:34:37');
INSERT INTO `communities` (`id`, `name`, `created_at`, `updated_at`) VALUES (23, 'voluptas', '1997-08-18 15:53:05', '1998-08-03 15:36:40');
INSERT INTO `communities` (`id`, `name`, `created_at`, `updated_at`) VALUES (24, 'nemo', '2012-10-23 19:30:21', '1980-10-05 13:05:43');
INSERT INTO `communities` (`id`, `name`, `created_at`, `updated_at`) VALUES (25, 'rem', '2003-11-05 09:11:48', '2015-09-29 19:15:43');
INSERT INTO `communities` (`id`, `name`, `created_at`, `updated_at`) VALUES (26, 'blanditiis', '1976-02-25 09:40:36', '2016-06-26 23:19:23');
INSERT INTO `communities` (`id`, `name`, `created_at`, `updated_at`) VALUES (27, 'molestiae', '1997-07-30 20:46:48', '1977-09-08 08:32:43');
INSERT INTO `communities` (`id`, `name`, `created_at`, `updated_at`) VALUES (28, 'maxime', '1990-05-27 02:06:55', '1973-10-08 06:50:05');
INSERT INTO `communities` (`id`, `name`, `created_at`, `updated_at`) VALUES (29, 'nihil', '1992-11-28 16:07:11', '1974-10-03 01:39:24');
INSERT INTO `communities` (`id`, `name`, `created_at`, `updated_at`) VALUES (30, 'quibusdam', '2010-03-14 21:03:46', '1998-07-10 03:51:24');
INSERT INTO `communities` (`id`, `name`, `created_at`, `updated_at`) VALUES (31, 'impedit', '1979-07-16 19:56:58', '2018-11-14 23:06:17');
INSERT INTO `communities` (`id`, `name`, `created_at`, `updated_at`) VALUES (32, 'rerum', '1989-04-21 13:57:04', '2018-06-05 23:49:07');
INSERT INTO `communities` (`id`, `name`, `created_at`, `updated_at`) VALUES (33, 'adipisci', '2020-11-26 13:08:34', '1984-07-02 02:36:53');
INSERT INTO `communities` (`id`, `name`, `created_at`, `updated_at`) VALUES (34, 'harum', '2002-03-02 16:53:14', '1984-11-09 16:11:57');
INSERT INTO `communities` (`id`, `name`, `created_at`, `updated_at`) VALUES (35, 'qui', '1978-01-02 11:30:31', '1998-12-19 20:42:15');
INSERT INTO `communities` (`id`, `name`, `created_at`, `updated_at`) VALUES (36, 'aliquam', '2012-12-28 09:49:20', '1985-05-08 17:35:26');
INSERT INTO `communities` (`id`, `name`, `created_at`, `updated_at`) VALUES (37, 'itaque', '2020-04-10 15:18:04', '1985-02-10 17:13:40');
INSERT INTO `communities` (`id`, `name`, `created_at`, `updated_at`) VALUES (38, 'corporis', '2020-02-12 23:16:22', '1995-02-18 17:07:28');
INSERT INTO `communities` (`id`, `name`, `created_at`, `updated_at`) VALUES (39, 'vero', '2007-02-11 23:35:32', '2020-07-01 15:44:31');
INSERT INTO `communities` (`id`, `name`, `created_at`, `updated_at`) VALUES (40, 'quia', '1982-10-21 18:07:38', '1979-04-17 23:11:09');
INSERT INTO `communities` (`id`, `name`, `created_at`, `updated_at`) VALUES (41, 'deserunt', '1976-11-09 03:52:34', '1997-07-06 18:36:52');
INSERT INTO `communities` (`id`, `name`, `created_at`, `updated_at`) VALUES (42, 'incidunt', '1983-09-17 23:04:43', '1975-01-23 22:13:08');
INSERT INTO `communities` (`id`, `name`, `created_at`, `updated_at`) VALUES (43, 'eum', '1989-08-05 10:44:45', '1989-04-19 07:01:58');
INSERT INTO `communities` (`id`, `name`, `created_at`, `updated_at`) VALUES (44, 'maiores', '2018-10-03 13:28:02', '1972-12-18 15:53:50');
INSERT INTO `communities` (`id`, `name`, `created_at`, `updated_at`) VALUES (45, 'ea', '2006-01-15 14:47:28', '1973-01-07 07:23:34');
INSERT INTO `communities` (`id`, `name`, `created_at`, `updated_at`) VALUES (46, 'dolorem', '2010-11-15 05:50:44', '1970-10-24 06:22:23');
INSERT INTO `communities` (`id`, `name`, `created_at`, `updated_at`) VALUES (47, 'dolores', '1981-01-26 15:45:41', '1970-06-06 19:14:04');
INSERT INTO `communities` (`id`, `name`, `created_at`, `updated_at`) VALUES (48, 'error', '2013-02-20 16:34:43', '1997-04-03 04:38:41');
INSERT INTO `communities` (`id`, `name`, `created_at`, `updated_at`) VALUES (49, 'minima', '2017-11-29 02:24:44', '1981-09-10 07:10:37');
INSERT INTO `communities` (`id`, `name`, `created_at`, `updated_at`) VALUES (50, 'dolor', '1995-05-27 20:18:41', '2020-05-13 20:49:49');
INSERT INTO `communities` (`id`, `name`, `created_at`, `updated_at`) VALUES (51, 'atque', '2004-05-20 02:57:00', '2011-06-09 04:31:21');
INSERT INTO `communities` (`id`, `name`, `created_at`, `updated_at`) VALUES (52, 'non', '2002-02-25 03:45:05', '2009-04-04 15:11:51');
INSERT INTO `communities` (`id`, `name`, `created_at`, `updated_at`) VALUES (53, 'voluptate', '2015-05-06 01:21:59', '2012-07-09 03:02:45');
INSERT INTO `communities` (`id`, `name`, `created_at`, `updated_at`) VALUES (54, 'occaecati', '2021-04-15 00:18:45', '1980-11-03 16:44:50');
INSERT INTO `communities` (`id`, `name`, `created_at`, `updated_at`) VALUES (55, 'officiis', '1979-01-08 18:02:36', '1974-07-05 05:05:48');
INSERT INTO `communities` (`id`, `name`, `created_at`, `updated_at`) VALUES (56, 'commodi', '1992-03-17 20:58:24', '1996-01-28 16:38:18');
INSERT INTO `communities` (`id`, `name`, `created_at`, `updated_at`) VALUES (57, 'exercitationem', '2000-06-08 21:43:48', '1973-07-09 08:45:21');
INSERT INTO `communities` (`id`, `name`, `created_at`, `updated_at`) VALUES (58, 'inventore', '2021-04-03 15:45:44', '1978-09-20 16:54:20');
INSERT INTO `communities` (`id`, `name`, `created_at`, `updated_at`) VALUES (59, 'a', '1983-08-07 09:56:23', '1984-10-19 09:43:31');
INSERT INTO `communities` (`id`, `name`, `created_at`, `updated_at`) VALUES (60, 'natus', '1970-12-31 20:53:48', '2016-03-07 09:38:17');
INSERT INTO `communities` (`id`, `name`, `created_at`, `updated_at`) VALUES (61, 'sit', '1996-10-19 09:30:33', '2004-10-01 02:27:50');
INSERT INTO `communities` (`id`, `name`, `created_at`, `updated_at`) VALUES (62, 'aperiam', '2013-01-02 02:58:24', '2017-06-17 01:00:37');
INSERT INTO `communities` (`id`, `name`, `created_at`, `updated_at`) VALUES (63, 'quisquam', '2009-11-08 01:13:33', '2018-12-30 15:32:06');
INSERT INTO `communities` (`id`, `name`, `created_at`, `updated_at`) VALUES (64, 'cumque', '2020-08-09 09:28:11', '1976-12-08 02:43:35');
INSERT INTO `communities` (`id`, `name`, `created_at`, `updated_at`) VALUES (65, 'earum', '2000-08-20 17:52:32', '2000-01-04 21:45:00');
INSERT INTO `communities` (`id`, `name`, `created_at`, `updated_at`) VALUES (66, 'assumenda', '1978-11-24 18:23:50', '2018-10-06 03:49:46');
INSERT INTO `communities` (`id`, `name`, `created_at`, `updated_at`) VALUES (67, 'facilis', '1997-07-18 04:23:47', '1983-11-04 07:08:29');
INSERT INTO `communities` (`id`, `name`, `created_at`, `updated_at`) VALUES (68, 'ex', '2014-07-31 13:12:45', '1985-12-16 04:41:52');
INSERT INTO `communities` (`id`, `name`, `created_at`, `updated_at`) VALUES (69, 'possimus', '1977-11-22 00:56:18', '1997-01-07 01:33:26');
INSERT INTO `communities` (`id`, `name`, `created_at`, `updated_at`) VALUES (70, 'tempora', '2001-07-09 15:37:52', '2017-08-11 20:07:49');
INSERT INTO `communities` (`id`, `name`, `created_at`, `updated_at`) VALUES (71, 'accusantium', '2005-02-16 22:11:44', '2007-07-27 12:11:44');
INSERT INTO `communities` (`id`, `name`, `created_at`, `updated_at`) VALUES (72, 'fuga', '1989-07-09 11:07:17', '1991-10-16 15:53:36');
INSERT INTO `communities` (`id`, `name`, `created_at`, `updated_at`) VALUES (73, 'consectetur', '1993-12-08 13:49:30', '1978-04-04 08:18:21');
INSERT INTO `communities` (`id`, `name`, `created_at`, `updated_at`) VALUES (74, 'illo', '2009-11-08 00:44:21', '1975-01-05 13:50:18');
INSERT INTO `communities` (`id`, `name`, `created_at`, `updated_at`) VALUES (75, 'voluptatum', '1976-06-11 06:37:19', '2002-02-26 04:52:00');
INSERT INTO `communities` (`id`, `name`, `created_at`, `updated_at`) VALUES (76, 'soluta', '2018-12-27 06:14:40', '1991-04-21 23:50:42');
INSERT INTO `communities` (`id`, `name`, `created_at`, `updated_at`) VALUES (77, 'perspiciatis', '1970-10-10 08:32:27', '1978-01-11 02:33:57');
INSERT INTO `communities` (`id`, `name`, `created_at`, `updated_at`) VALUES (78, 'officia', '1991-04-21 01:36:00', '1983-10-20 21:17:35');
INSERT INTO `communities` (`id`, `name`, `created_at`, `updated_at`) VALUES (79, 'quo', '1988-06-23 01:54:33', '1997-04-15 06:28:18');
INSERT INTO `communities` (`id`, `name`, `created_at`, `updated_at`) VALUES (80, 'quos', '2008-05-24 07:35:04', '1991-10-09 20:47:40');
INSERT INTO `communities` (`id`, `name`, `created_at`, `updated_at`) VALUES (81, 'consequuntur', '2011-05-02 14:44:38', '1978-07-28 02:30:34');
INSERT INTO `communities` (`id`, `name`, `created_at`, `updated_at`) VALUES (82, 'quae', '2002-10-09 23:27:09', '1997-09-03 11:06:37');
INSERT INTO `communities` (`id`, `name`, `created_at`, `updated_at`) VALUES (83, 'pariatur', '1991-03-01 16:50:56', '1996-06-30 01:59:23');
INSERT INTO `communities` (`id`, `name`, `created_at`, `updated_at`) VALUES (84, 'debitis', '2008-09-22 21:01:24', '2015-06-21 15:19:43');
INSERT INTO `communities` (`id`, `name`, `created_at`, `updated_at`) VALUES (85, 'nostrum', '2012-01-23 07:14:21', '2006-08-19 00:43:53');
INSERT INTO `communities` (`id`, `name`, `created_at`, `updated_at`) VALUES (86, 'at', '2013-12-27 09:31:02', '1992-10-13 00:28:25');
INSERT INTO `communities` (`id`, `name`, `created_at`, `updated_at`) VALUES (87, 'repellat', '2006-11-01 13:16:21', '1987-09-29 14:59:01');
INSERT INTO `communities` (`id`, `name`, `created_at`, `updated_at`) VALUES (88, 'aliquid', '1997-01-11 23:48:12', '1990-12-10 17:34:20');
INSERT INTO `communities` (`id`, `name`, `created_at`, `updated_at`) VALUES (89, 'nisi', '1976-04-20 18:55:56', '1988-10-20 01:45:54');
INSERT INTO `communities` (`id`, `name`, `created_at`, `updated_at`) VALUES (90, 'praesentium', '1972-06-13 12:18:06', '1999-03-16 02:27:38');
INSERT INTO `communities` (`id`, `name`, `created_at`, `updated_at`) VALUES (91, 'labore', '1983-08-15 05:36:29', '1986-11-07 10:46:07');
INSERT INTO `communities` (`id`, `name`, `created_at`, `updated_at`) VALUES (92, 'consequatur', '1976-05-09 10:07:18', '1972-11-23 05:59:20');
INSERT INTO `communities` (`id`, `name`, `created_at`, `updated_at`) VALUES (93, 'dolore', '1985-06-12 19:04:20', '1997-03-17 12:53:26');
INSERT INTO `communities` (`id`, `name`, `created_at`, `updated_at`) VALUES (94, 'beatae', '1999-12-23 10:05:13', '1993-11-19 10:11:39');
INSERT INTO `communities` (`id`, `name`, `created_at`, `updated_at`) VALUES (95, 'laborum', '2003-12-14 20:52:28', '1991-01-29 01:44:38');
INSERT INTO `communities` (`id`, `name`, `created_at`, `updated_at`) VALUES (96, 'minus', '2018-05-10 10:08:07', '2021-02-26 23:23:10');
INSERT INTO `communities` (`id`, `name`, `created_at`, `updated_at`) VALUES (97, 'nesciunt', '1991-12-10 15:07:06', '1988-05-01 00:51:03');
INSERT INTO `communities` (`id`, `name`, `created_at`, `updated_at`) VALUES (98, 'reiciendis', '1984-08-24 23:42:32', '1993-05-28 09:18:03');
INSERT INTO `communities` (`id`, `name`, `created_at`, `updated_at`) VALUES (99, 'ullam', '2001-09-29 10:23:28', '2012-09-16 18:13:12');
INSERT INTO `communities` (`id`, `name`, `created_at`, `updated_at`) VALUES (100, 'temporibus', '1978-12-14 09:53:50', '2014-03-13 18:44:47');


#
# TABLE STRUCTURE FOR: communities_users
#

INSERT INTO `communities_users` (`community_id`, `user_id`, `created_at`) VALUES (1, 1, '1991-12-04 02:55:52');
INSERT INTO `communities_users` (`community_id`, `user_id`, `created_at`) VALUES (2, 2, '2006-12-07 09:07:46');
INSERT INTO `communities_users` (`community_id`, `user_id`, `created_at`) VALUES (3, 3, '2015-12-10 06:40:38');
INSERT INTO `communities_users` (`community_id`, `user_id`, `created_at`) VALUES (4, 4, '1996-05-16 00:03:48');
INSERT INTO `communities_users` (`community_id`, `user_id`, `created_at`) VALUES (5, 5, '1989-12-22 08:47:11');
INSERT INTO `communities_users` (`community_id`, `user_id`, `created_at`) VALUES (6, 6, '2019-04-13 08:05:34');
INSERT INTO `communities_users` (`community_id`, `user_id`, `created_at`) VALUES (7, 7, '1987-05-24 15:42:15');
INSERT INTO `communities_users` (`community_id`, `user_id`, `created_at`) VALUES (8, 8, '1985-08-29 20:32:33');
INSERT INTO `communities_users` (`community_id`, `user_id`, `created_at`) VALUES (9, 9, '2010-04-29 08:48:34');
INSERT INTO `communities_users` (`community_id`, `user_id`, `created_at`) VALUES (10, 10, '1989-09-06 22:14:15');
INSERT INTO `communities_users` (`community_id`, `user_id`, `created_at`) VALUES (11, 11, '1992-02-06 08:10:16');
INSERT INTO `communities_users` (`community_id`, `user_id`, `created_at`) VALUES (12, 12, '2005-09-12 19:34:34');
INSERT INTO `communities_users` (`community_id`, `user_id`, `created_at`) VALUES (13, 13, '2002-08-27 21:18:28');
INSERT INTO `communities_users` (`community_id`, `user_id`, `created_at`) VALUES (14, 14, '2002-08-30 14:05:17');
INSERT INTO `communities_users` (`community_id`, `user_id`, `created_at`) VALUES (15, 15, '2006-04-22 23:07:39');
INSERT INTO `communities_users` (`community_id`, `user_id`, `created_at`) VALUES (16, 16, '2016-04-26 08:40:49');
INSERT INTO `communities_users` (`community_id`, `user_id`, `created_at`) VALUES (17, 17, '2012-07-08 15:36:36');
INSERT INTO `communities_users` (`community_id`, `user_id`, `created_at`) VALUES (18, 18, '2000-02-25 01:50:31');
INSERT INTO `communities_users` (`community_id`, `user_id`, `created_at`) VALUES (19, 19, '2000-10-26 00:35:42');
INSERT INTO `communities_users` (`community_id`, `user_id`, `created_at`) VALUES (20, 20, '2005-11-18 20:32:48');
INSERT INTO `communities_users` (`community_id`, `user_id`, `created_at`) VALUES (21, 21, '2012-10-24 17:18:10');
INSERT INTO `communities_users` (`community_id`, `user_id`, `created_at`) VALUES (22, 22, '2012-04-14 12:26:41');
INSERT INTO `communities_users` (`community_id`, `user_id`, `created_at`) VALUES (23, 23, '2002-01-07 03:14:52');
INSERT INTO `communities_users` (`community_id`, `user_id`, `created_at`) VALUES (24, 24, '1981-03-18 20:29:19');
INSERT INTO `communities_users` (`community_id`, `user_id`, `created_at`) VALUES (25, 25, '2001-10-14 11:02:30');
INSERT INTO `communities_users` (`community_id`, `user_id`, `created_at`) VALUES (26, 26, '2007-05-26 13:29:45');
INSERT INTO `communities_users` (`community_id`, `user_id`, `created_at`) VALUES (27, 27, '1981-03-23 10:41:41');
INSERT INTO `communities_users` (`community_id`, `user_id`, `created_at`) VALUES (28, 28, '1983-04-16 05:24:58');
INSERT INTO `communities_users` (`community_id`, `user_id`, `created_at`) VALUES (29, 29, '1990-06-23 19:04:21');
INSERT INTO `communities_users` (`community_id`, `user_id`, `created_at`) VALUES (30, 30, '1970-03-05 05:18:34');
INSERT INTO `communities_users` (`community_id`, `user_id`, `created_at`) VALUES (31, 31, '1998-11-08 04:23:34');
INSERT INTO `communities_users` (`community_id`, `user_id`, `created_at`) VALUES (32, 32, '1986-09-27 23:15:41');
INSERT INTO `communities_users` (`community_id`, `user_id`, `created_at`) VALUES (33, 33, '1997-04-13 19:35:35');
INSERT INTO `communities_users` (`community_id`, `user_id`, `created_at`) VALUES (34, 34, '1978-12-03 06:14:19');
INSERT INTO `communities_users` (`community_id`, `user_id`, `created_at`) VALUES (35, 35, '1974-06-02 19:59:38');
INSERT INTO `communities_users` (`community_id`, `user_id`, `created_at`) VALUES (36, 36, '1994-08-22 21:25:59');
INSERT INTO `communities_users` (`community_id`, `user_id`, `created_at`) VALUES (37, 37, '1983-10-06 07:39:33');
INSERT INTO `communities_users` (`community_id`, `user_id`, `created_at`) VALUES (38, 38, '1992-09-11 08:05:01');
INSERT INTO `communities_users` (`community_id`, `user_id`, `created_at`) VALUES (39, 39, '1995-10-01 20:19:09');
INSERT INTO `communities_users` (`community_id`, `user_id`, `created_at`) VALUES (40, 40, '1996-01-29 09:39:59');
INSERT INTO `communities_users` (`community_id`, `user_id`, `created_at`) VALUES (41, 41, '1979-07-06 15:26:00');
INSERT INTO `communities_users` (`community_id`, `user_id`, `created_at`) VALUES (42, 42, '1993-01-11 22:41:26');
INSERT INTO `communities_users` (`community_id`, `user_id`, `created_at`) VALUES (43, 43, '2017-06-11 15:48:12');
INSERT INTO `communities_users` (`community_id`, `user_id`, `created_at`) VALUES (44, 44, '2018-10-06 19:23:56');
INSERT INTO `communities_users` (`community_id`, `user_id`, `created_at`) VALUES (45, 45, '1976-03-22 22:20:05');
INSERT INTO `communities_users` (`community_id`, `user_id`, `created_at`) VALUES (46, 46, '1995-04-24 21:30:24');
INSERT INTO `communities_users` (`community_id`, `user_id`, `created_at`) VALUES (47, 47, '1973-01-12 03:55:35');
INSERT INTO `communities_users` (`community_id`, `user_id`, `created_at`) VALUES (48, 48, '1978-07-22 23:13:56');
INSERT INTO `communities_users` (`community_id`, `user_id`, `created_at`) VALUES (49, 49, '1972-05-08 04:57:55');
INSERT INTO `communities_users` (`community_id`, `user_id`, `created_at`) VALUES (50, 50, '1979-11-18 10:55:29');
INSERT INTO `communities_users` (`community_id`, `user_id`, `created_at`) VALUES (51, 51, '2007-09-24 15:08:22');
INSERT INTO `communities_users` (`community_id`, `user_id`, `created_at`) VALUES (52, 52, '1982-08-23 16:59:34');
INSERT INTO `communities_users` (`community_id`, `user_id`, `created_at`) VALUES (53, 53, '1983-04-01 06:50:09');
INSERT INTO `communities_users` (`community_id`, `user_id`, `created_at`) VALUES (54, 54, '1995-04-09 19:43:27');
INSERT INTO `communities_users` (`community_id`, `user_id`, `created_at`) VALUES (55, 55, '1975-02-16 18:34:23');
INSERT INTO `communities_users` (`community_id`, `user_id`, `created_at`) VALUES (56, 56, '2011-03-06 08:28:11');
INSERT INTO `communities_users` (`community_id`, `user_id`, `created_at`) VALUES (57, 57, '2016-05-10 10:45:29');
INSERT INTO `communities_users` (`community_id`, `user_id`, `created_at`) VALUES (58, 58, '1998-06-09 14:52:56');
INSERT INTO `communities_users` (`community_id`, `user_id`, `created_at`) VALUES (59, 59, '1991-07-19 02:28:13');
INSERT INTO `communities_users` (`community_id`, `user_id`, `created_at`) VALUES (60, 60, '1996-05-14 07:12:57');
INSERT INTO `communities_users` (`community_id`, `user_id`, `created_at`) VALUES (61, 61, '2018-10-16 00:00:55');
INSERT INTO `communities_users` (`community_id`, `user_id`, `created_at`) VALUES (62, 62, '1978-04-30 23:20:59');
INSERT INTO `communities_users` (`community_id`, `user_id`, `created_at`) VALUES (63, 63, '2007-06-25 06:03:27');
INSERT INTO `communities_users` (`community_id`, `user_id`, `created_at`) VALUES (64, 64, '2019-11-18 14:30:29');
INSERT INTO `communities_users` (`community_id`, `user_id`, `created_at`) VALUES (65, 65, '1972-12-22 03:43:36');
INSERT INTO `communities_users` (`community_id`, `user_id`, `created_at`) VALUES (66, 66, '1988-01-29 17:58:17');
INSERT INTO `communities_users` (`community_id`, `user_id`, `created_at`) VALUES (67, 67, '2009-08-07 19:11:24');
INSERT INTO `communities_users` (`community_id`, `user_id`, `created_at`) VALUES (68, 68, '2013-05-12 02:17:27');
INSERT INTO `communities_users` (`community_id`, `user_id`, `created_at`) VALUES (69, 69, '1983-06-26 11:12:18');
INSERT INTO `communities_users` (`community_id`, `user_id`, `created_at`) VALUES (70, 70, '1992-08-25 03:54:37');
INSERT INTO `communities_users` (`community_id`, `user_id`, `created_at`) VALUES (71, 71, '1989-04-26 04:50:30');
INSERT INTO `communities_users` (`community_id`, `user_id`, `created_at`) VALUES (72, 72, '1986-07-23 03:36:33');
INSERT INTO `communities_users` (`community_id`, `user_id`, `created_at`) VALUES (73, 73, '1990-02-18 12:54:51');
INSERT INTO `communities_users` (`community_id`, `user_id`, `created_at`) VALUES (74, 74, '1999-09-30 07:03:35');
INSERT INTO `communities_users` (`community_id`, `user_id`, `created_at`) VALUES (75, 75, '2012-01-26 14:30:26');
INSERT INTO `communities_users` (`community_id`, `user_id`, `created_at`) VALUES (76, 76, '1970-10-02 07:30:06');
INSERT INTO `communities_users` (`community_id`, `user_id`, `created_at`) VALUES (77, 77, '1988-08-13 06:04:29');
INSERT INTO `communities_users` (`community_id`, `user_id`, `created_at`) VALUES (78, 78, '1983-09-17 14:34:56');
INSERT INTO `communities_users` (`community_id`, `user_id`, `created_at`) VALUES (79, 79, '2011-02-11 01:52:30');
INSERT INTO `communities_users` (`community_id`, `user_id`, `created_at`) VALUES (80, 80, '1984-11-28 02:45:48');
INSERT INTO `communities_users` (`community_id`, `user_id`, `created_at`) VALUES (81, 81, '2007-09-30 11:12:47');
INSERT INTO `communities_users` (`community_id`, `user_id`, `created_at`) VALUES (82, 82, '2000-08-09 18:43:27');
INSERT INTO `communities_users` (`community_id`, `user_id`, `created_at`) VALUES (83, 83, '1996-10-17 10:09:39');
INSERT INTO `communities_users` (`community_id`, `user_id`, `created_at`) VALUES (84, 84, '1976-07-18 00:33:22');
INSERT INTO `communities_users` (`community_id`, `user_id`, `created_at`) VALUES (85, 85, '1988-04-04 05:02:44');
INSERT INTO `communities_users` (`community_id`, `user_id`, `created_at`) VALUES (86, 86, '1992-01-30 21:14:53');
INSERT INTO `communities_users` (`community_id`, `user_id`, `created_at`) VALUES (87, 87, '1987-03-23 22:06:10');
INSERT INTO `communities_users` (`community_id`, `user_id`, `created_at`) VALUES (88, 88, '2017-05-13 20:19:49');
INSERT INTO `communities_users` (`community_id`, `user_id`, `created_at`) VALUES (89, 89, '1994-04-22 03:53:47');
INSERT INTO `communities_users` (`community_id`, `user_id`, `created_at`) VALUES (90, 90, '1974-03-09 09:40:54');
INSERT INTO `communities_users` (`community_id`, `user_id`, `created_at`) VALUES (91, 91, '1987-02-02 13:46:29');
INSERT INTO `communities_users` (`community_id`, `user_id`, `created_at`) VALUES (92, 92, '1982-07-19 16:12:13');
INSERT INTO `communities_users` (`community_id`, `user_id`, `created_at`) VALUES (93, 93, '1995-05-21 01:13:51');
INSERT INTO `communities_users` (`community_id`, `user_id`, `created_at`) VALUES (94, 94, '1982-06-13 16:05:19');
INSERT INTO `communities_users` (`community_id`, `user_id`, `created_at`) VALUES (95, 95, '2003-08-01 07:33:53');
INSERT INTO `communities_users` (`community_id`, `user_id`, `created_at`) VALUES (96, 96, '2018-09-10 02:56:00');
INSERT INTO `communities_users` (`community_id`, `user_id`, `created_at`) VALUES (97, 97, '1974-02-24 09:31:20');
INSERT INTO `communities_users` (`community_id`, `user_id`, `created_at`) VALUES (98, 98, '1998-10-19 00:59:12');
INSERT INTO `communities_users` (`community_id`, `user_id`, `created_at`) VALUES (99, 99, '1992-09-18 20:58:19');
INSERT INTO `communities_users` (`community_id`, `user_id`, `created_at`) VALUES (100, 100, '1971-08-16 02:47:12');


#
# TABLE STRUCTURE FOR: friendship
#

INSERT INTO `friendship` (`user_id`, `friend_id`, `friendship_status`, `requested_at`, `confirmed_at`, `created_at`, `updated_at`) VALUES (1, 1, 'FRIENDSHIP', '1977-01-23 12:24:31', '1977-03-08 00:36:17', '1995-10-21 10:19:24', '2003-01-03 12:28:26');
INSERT INTO `friendship` (`user_id`, `friend_id`, `friendship_status`, `requested_at`, `confirmed_at`, `created_at`, `updated_at`) VALUES (2, 2, 'FRIENDSHIP', '2013-04-14 14:58:47', '2012-03-13 14:48:39', '1994-12-17 03:38:15', '1988-06-23 01:41:10');
INSERT INTO `friendship` (`user_id`, `friend_id`, `friendship_status`, `requested_at`, `confirmed_at`, `created_at`, `updated_at`) VALUES (3, 3, 'FRIENDSHIP', '2010-12-01 01:26:33', '2009-04-23 21:15:18', '2003-09-21 00:50:43', '2008-06-13 06:59:20');
INSERT INTO `friendship` (`user_id`, `friend_id`, `friendship_status`, `requested_at`, `confirmed_at`, `created_at`, `updated_at`) VALUES (4, 4, 'BLOCKED', '2013-02-23 04:59:34', '1991-12-24 13:49:25', '1989-06-02 06:12:35', '2019-12-30 16:44:29');
INSERT INTO `friendship` (`user_id`, `friend_id`, `friendship_status`, `requested_at`, `confirmed_at`, `created_at`, `updated_at`) VALUES (5, 5, 'FRIENDSHIP', '2013-03-14 16:51:50', '2006-07-10 06:13:24', '1971-07-27 20:01:12', '2005-05-09 15:07:31');
INSERT INTO `friendship` (`user_id`, `friend_id`, `friendship_status`, `requested_at`, `confirmed_at`, `created_at`, `updated_at`) VALUES (6, 6, 'FOLLOWING', '2008-09-20 05:29:30', '1999-07-27 04:25:44', '1988-05-28 00:14:00', '2010-07-31 13:16:10');
INSERT INTO `friendship` (`user_id`, `friend_id`, `friendship_status`, `requested_at`, `confirmed_at`, `created_at`, `updated_at`) VALUES (7, 7, 'FOLLOWING', '2018-06-03 10:59:18', '2017-12-11 17:15:54', '1979-11-14 19:11:32', '1974-12-31 09:07:21');
INSERT INTO `friendship` (`user_id`, `friend_id`, `friendship_status`, `requested_at`, `confirmed_at`, `created_at`, `updated_at`) VALUES (8, 8, 'FRIENDSHIP', '2019-12-11 05:32:35', '1991-03-17 04:02:37', '2013-09-14 11:02:15', '2014-04-18 08:04:50');
INSERT INTO `friendship` (`user_id`, `friend_id`, `friendship_status`, `requested_at`, `confirmed_at`, `created_at`, `updated_at`) VALUES (9, 9, 'BLOCKED', '1983-06-19 05:14:55', '2002-04-18 20:03:59', '1982-12-01 19:24:08', '1984-09-04 10:08:23');
INSERT INTO `friendship` (`user_id`, `friend_id`, `friendship_status`, `requested_at`, `confirmed_at`, `created_at`, `updated_at`) VALUES (10, 10, 'BLOCKED', '2020-04-05 06:56:08', '2003-04-05 23:03:58', '2018-10-31 15:05:03', '1989-10-05 20:38:51');
INSERT INTO `friendship` (`user_id`, `friend_id`, `friendship_status`, `requested_at`, `confirmed_at`, `created_at`, `updated_at`) VALUES (11, 11, 'FRIENDSHIP', '1980-04-17 07:48:26', '1985-12-03 09:31:10', '1977-11-24 05:55:39', '2013-04-06 02:43:32');
INSERT INTO `friendship` (`user_id`, `friend_id`, `friendship_status`, `requested_at`, `confirmed_at`, `created_at`, `updated_at`) VALUES (12, 12, 'FOLLOWING', '1997-02-10 04:40:35', '1994-01-11 05:15:38', '1972-12-25 00:57:09', '1972-04-12 05:04:11');
INSERT INTO `friendship` (`user_id`, `friend_id`, `friendship_status`, `requested_at`, `confirmed_at`, `created_at`, `updated_at`) VALUES (13, 13, 'BLOCKED', '1994-11-22 22:29:51', '1986-10-11 12:34:24', '1970-01-01 20:50:10', '1989-04-22 02:08:45');
INSERT INTO `friendship` (`user_id`, `friend_id`, `friendship_status`, `requested_at`, `confirmed_at`, `created_at`, `updated_at`) VALUES (14, 14, 'FOLLOWING', '2019-04-11 03:25:04', '1992-02-29 00:28:27', '2019-05-21 14:45:50', '1999-09-22 03:19:42');
INSERT INTO `friendship` (`user_id`, `friend_id`, `friendship_status`, `requested_at`, `confirmed_at`, `created_at`, `updated_at`) VALUES (15, 15, 'BLOCKED', '2012-03-27 09:33:51', '1981-12-31 05:20:02', '1970-01-31 03:14:42', '1992-12-05 14:48:16');
INSERT INTO `friendship` (`user_id`, `friend_id`, `friendship_status`, `requested_at`, `confirmed_at`, `created_at`, `updated_at`) VALUES (16, 16, 'BLOCKED', '1980-07-08 16:54:15', '1976-12-12 06:21:41', '2016-10-27 11:50:27', '1979-11-21 19:47:24');
INSERT INTO `friendship` (`user_id`, `friend_id`, `friendship_status`, `requested_at`, `confirmed_at`, `created_at`, `updated_at`) VALUES (17, 17, 'FRIENDSHIP', '1971-08-27 08:21:40', '2009-05-17 18:37:00', '1970-12-29 06:07:18', '1984-03-06 13:45:27');
INSERT INTO `friendship` (`user_id`, `friend_id`, `friendship_status`, `requested_at`, `confirmed_at`, `created_at`, `updated_at`) VALUES (18, 18, 'FOLLOWING', '2018-02-17 04:53:10', '2008-08-10 22:05:58', '2002-11-03 10:40:21', '1974-07-10 00:51:59');
INSERT INTO `friendship` (`user_id`, `friend_id`, `friendship_status`, `requested_at`, `confirmed_at`, `created_at`, `updated_at`) VALUES (19, 19, 'FOLLOWING', '2011-08-07 09:02:39', '2021-01-10 20:59:47', '2011-11-26 23:09:54', '1994-01-12 19:12:48');
INSERT INTO `friendship` (`user_id`, `friend_id`, `friendship_status`, `requested_at`, `confirmed_at`, `created_at`, `updated_at`) VALUES (20, 20, 'FOLLOWING', '1990-03-30 10:30:02', '2017-11-22 18:47:39', '2002-06-04 14:09:36', '1994-11-21 04:12:55');
INSERT INTO `friendship` (`user_id`, `friend_id`, `friendship_status`, `requested_at`, `confirmed_at`, `created_at`, `updated_at`) VALUES (21, 21, 'BLOCKED', '1993-04-06 13:21:08', '2008-09-26 09:28:30', '1972-04-09 19:53:20', '2013-10-22 00:23:02');
INSERT INTO `friendship` (`user_id`, `friend_id`, `friendship_status`, `requested_at`, `confirmed_at`, `created_at`, `updated_at`) VALUES (22, 22, 'BLOCKED', '2011-12-07 13:25:53', '2019-09-22 15:28:18', '2020-02-01 05:07:17', '1994-03-16 19:05:47');
INSERT INTO `friendship` (`user_id`, `friend_id`, `friendship_status`, `requested_at`, `confirmed_at`, `created_at`, `updated_at`) VALUES (23, 23, 'FOLLOWING', '1982-10-12 07:50:58', '2005-01-26 09:14:29', '2013-09-09 08:41:01', '1983-03-18 16:14:23');
INSERT INTO `friendship` (`user_id`, `friend_id`, `friendship_status`, `requested_at`, `confirmed_at`, `created_at`, `updated_at`) VALUES (24, 24, 'BLOCKED', '1984-11-29 15:16:03', '2005-12-24 00:15:19', '2020-06-09 05:40:24', '2000-07-09 00:44:28');
INSERT INTO `friendship` (`user_id`, `friend_id`, `friendship_status`, `requested_at`, `confirmed_at`, `created_at`, `updated_at`) VALUES (25, 25, 'FOLLOWING', '1974-12-20 02:30:33', '1971-03-12 22:46:37', '2005-12-28 03:29:11', '2008-08-23 19:02:50');
INSERT INTO `friendship` (`user_id`, `friend_id`, `friendship_status`, `requested_at`, `confirmed_at`, `created_at`, `updated_at`) VALUES (26, 26, 'FOLLOWING', '2018-09-24 14:01:09', '1977-05-07 06:56:24', '2010-03-10 08:27:39', '2004-03-09 21:06:06');
INSERT INTO `friendship` (`user_id`, `friend_id`, `friendship_status`, `requested_at`, `confirmed_at`, `created_at`, `updated_at`) VALUES (27, 27, 'BLOCKED', '1977-03-12 12:42:42', '2006-07-14 13:12:04', '2019-06-12 21:26:27', '1970-11-08 15:07:19');
INSERT INTO `friendship` (`user_id`, `friend_id`, `friendship_status`, `requested_at`, `confirmed_at`, `created_at`, `updated_at`) VALUES (28, 28, 'BLOCKED', '2013-01-19 22:10:23', '2007-09-21 12:36:03', '1998-01-18 23:19:33', '2013-06-16 21:08:26');
INSERT INTO `friendship` (`user_id`, `friend_id`, `friendship_status`, `requested_at`, `confirmed_at`, `created_at`, `updated_at`) VALUES (29, 29, 'FOLLOWING', '2019-05-01 03:19:22', '2008-06-26 13:15:20', '2010-07-02 16:18:38', '2000-11-04 13:21:25');
INSERT INTO `friendship` (`user_id`, `friend_id`, `friendship_status`, `requested_at`, `confirmed_at`, `created_at`, `updated_at`) VALUES (30, 30, 'FRIENDSHIP', '1987-04-03 04:56:49', '1996-07-06 16:30:25', '2013-01-15 12:35:12', '2006-08-16 18:38:21');
INSERT INTO `friendship` (`user_id`, `friend_id`, `friendship_status`, `requested_at`, `confirmed_at`, `created_at`, `updated_at`) VALUES (31, 31, 'FRIENDSHIP', '1988-03-12 22:22:06', '2002-05-01 10:30:28', '1985-04-09 07:41:39', '2011-05-26 02:04:46');
INSERT INTO `friendship` (`user_id`, `friend_id`, `friendship_status`, `requested_at`, `confirmed_at`, `created_at`, `updated_at`) VALUES (32, 32, 'BLOCKED', '2002-04-07 15:42:18', '1986-07-02 18:25:13', '1974-09-12 09:25:13', '1987-12-27 00:19:47');
INSERT INTO `friendship` (`user_id`, `friend_id`, `friendship_status`, `requested_at`, `confirmed_at`, `created_at`, `updated_at`) VALUES (33, 33, 'FRIENDSHIP', '1990-09-22 01:13:54', '2002-07-28 06:54:44', '1998-01-09 02:32:01', '1989-07-08 07:05:28');
INSERT INTO `friendship` (`user_id`, `friend_id`, `friendship_status`, `requested_at`, `confirmed_at`, `created_at`, `updated_at`) VALUES (34, 34, 'FRIENDSHIP', '2012-02-20 06:48:21', '1976-01-04 20:05:21', '1997-10-14 16:56:01', '2018-01-06 07:02:02');
INSERT INTO `friendship` (`user_id`, `friend_id`, `friendship_status`, `requested_at`, `confirmed_at`, `created_at`, `updated_at`) VALUES (35, 35, 'FOLLOWING', '1984-04-07 05:13:41', '1982-02-22 08:47:53', '2011-05-03 20:54:06', '1995-02-26 19:02:57');
INSERT INTO `friendship` (`user_id`, `friend_id`, `friendship_status`, `requested_at`, `confirmed_at`, `created_at`, `updated_at`) VALUES (36, 36, 'BLOCKED', '2011-02-05 16:35:08', '1971-07-31 13:23:34', '1983-05-21 19:15:18', '1999-11-25 20:09:22');
INSERT INTO `friendship` (`user_id`, `friend_id`, `friendship_status`, `requested_at`, `confirmed_at`, `created_at`, `updated_at`) VALUES (37, 37, 'FRIENDSHIP', '2018-09-24 22:05:07', '2017-05-26 16:37:44', '2002-02-03 23:06:28', '1976-12-02 22:49:55');
INSERT INTO `friendship` (`user_id`, `friend_id`, `friendship_status`, `requested_at`, `confirmed_at`, `created_at`, `updated_at`) VALUES (38, 38, 'BLOCKED', '2005-08-08 10:32:30', '1979-05-11 09:24:12', '2017-02-10 04:23:52', '1998-09-28 18:21:39');
INSERT INTO `friendship` (`user_id`, `friend_id`, `friendship_status`, `requested_at`, `confirmed_at`, `created_at`, `updated_at`) VALUES (39, 39, 'BLOCKED', '1989-11-19 23:35:41', '1978-02-28 16:24:13', '1988-04-09 19:23:50', '1972-04-27 07:55:04');
INSERT INTO `friendship` (`user_id`, `friend_id`, `friendship_status`, `requested_at`, `confirmed_at`, `created_at`, `updated_at`) VALUES (40, 40, 'FOLLOWING', '2013-11-06 03:29:41', '2001-12-26 20:21:57', '1993-08-18 03:18:54', '1996-04-06 19:30:46');
INSERT INTO `friendship` (`user_id`, `friend_id`, `friendship_status`, `requested_at`, `confirmed_at`, `created_at`, `updated_at`) VALUES (41, 41, 'FOLLOWING', '1977-03-09 17:01:52', '1983-08-11 19:18:17', '1971-12-07 06:40:13', '1974-06-23 06:21:04');
INSERT INTO `friendship` (`user_id`, `friend_id`, `friendship_status`, `requested_at`, `confirmed_at`, `created_at`, `updated_at`) VALUES (42, 42, 'BLOCKED', '1970-11-18 10:54:20', '2008-10-01 11:33:40', '2010-10-15 19:16:56', '2013-08-03 06:18:07');
INSERT INTO `friendship` (`user_id`, `friend_id`, `friendship_status`, `requested_at`, `confirmed_at`, `created_at`, `updated_at`) VALUES (43, 43, 'FRIENDSHIP', '2000-10-17 19:17:35', '1995-08-28 20:03:59', '2003-08-15 10:18:41', '2012-12-18 06:43:36');
INSERT INTO `friendship` (`user_id`, `friend_id`, `friendship_status`, `requested_at`, `confirmed_at`, `created_at`, `updated_at`) VALUES (44, 44, 'FRIENDSHIP', '1979-03-06 13:22:33', '2021-04-27 11:34:50', '2001-06-07 01:17:23', '1978-05-27 22:08:39');
INSERT INTO `friendship` (`user_id`, `friend_id`, `friendship_status`, `requested_at`, `confirmed_at`, `created_at`, `updated_at`) VALUES (45, 45, 'FRIENDSHIP', '1984-09-17 22:14:07', '1998-03-11 16:23:15', '2004-06-26 23:33:46', '1985-04-06 23:26:13');
INSERT INTO `friendship` (`user_id`, `friend_id`, `friendship_status`, `requested_at`, `confirmed_at`, `created_at`, `updated_at`) VALUES (46, 46, 'FRIENDSHIP', '1997-04-07 19:05:40', '1980-06-05 21:42:58', '2013-05-30 01:40:23', '1988-05-16 01:10:48');
INSERT INTO `friendship` (`user_id`, `friend_id`, `friendship_status`, `requested_at`, `confirmed_at`, `created_at`, `updated_at`) VALUES (47, 47, 'FRIENDSHIP', '1983-12-10 11:39:37', '1983-02-22 06:25:28', '2001-04-01 01:33:28', '1999-12-20 15:01:45');
INSERT INTO `friendship` (`user_id`, `friend_id`, `friendship_status`, `requested_at`, `confirmed_at`, `created_at`, `updated_at`) VALUES (48, 48, 'BLOCKED', '1998-09-07 23:57:34', '2009-10-23 00:11:09', '1996-02-11 14:45:52', '2008-11-09 10:06:20');
INSERT INTO `friendship` (`user_id`, `friend_id`, `friendship_status`, `requested_at`, `confirmed_at`, `created_at`, `updated_at`) VALUES (49, 49, 'BLOCKED', '1997-12-01 18:22:03', '2011-06-22 04:13:22', '1986-10-02 02:15:01', '1976-05-04 06:32:51');
INSERT INTO `friendship` (`user_id`, `friend_id`, `friendship_status`, `requested_at`, `confirmed_at`, `created_at`, `updated_at`) VALUES (50, 50, 'FOLLOWING', '2007-12-23 14:33:32', '2016-05-10 11:34:04', '1979-08-02 06:26:42', '2007-07-26 13:16:03');
INSERT INTO `friendship` (`user_id`, `friend_id`, `friendship_status`, `requested_at`, `confirmed_at`, `created_at`, `updated_at`) VALUES (51, 51, 'BLOCKED', '1985-01-13 21:58:44', '1992-11-21 09:09:51', '1972-02-14 01:23:30', '2003-07-29 02:06:31');
INSERT INTO `friendship` (`user_id`, `friend_id`, `friendship_status`, `requested_at`, `confirmed_at`, `created_at`, `updated_at`) VALUES (52, 52, 'BLOCKED', '1997-10-02 05:37:49', '2018-05-15 03:20:11', '1987-02-26 23:02:04', '1972-07-24 10:12:47');
INSERT INTO `friendship` (`user_id`, `friend_id`, `friendship_status`, `requested_at`, `confirmed_at`, `created_at`, `updated_at`) VALUES (53, 53, 'FOLLOWING', '2004-10-20 08:54:30', '1987-05-02 11:09:09', '1982-03-05 07:32:33', '1995-06-03 23:21:24');
INSERT INTO `friendship` (`user_id`, `friend_id`, `friendship_status`, `requested_at`, `confirmed_at`, `created_at`, `updated_at`) VALUES (54, 54, 'FOLLOWING', '1973-08-29 22:11:21', '2018-05-10 07:49:38', '1973-08-13 07:12:10', '1999-09-21 09:15:42');
INSERT INTO `friendship` (`user_id`, `friend_id`, `friendship_status`, `requested_at`, `confirmed_at`, `created_at`, `updated_at`) VALUES (55, 55, 'FRIENDSHIP', '1994-01-15 08:42:16', '2000-01-15 22:03:21', '1975-03-03 17:54:55', '1978-01-11 16:19:25');
INSERT INTO `friendship` (`user_id`, `friend_id`, `friendship_status`, `requested_at`, `confirmed_at`, `created_at`, `updated_at`) VALUES (56, 56, 'FOLLOWING', '1987-06-03 14:12:39', '2020-10-07 02:24:49', '1978-11-05 00:04:38', '2020-07-16 17:14:43');
INSERT INTO `friendship` (`user_id`, `friend_id`, `friendship_status`, `requested_at`, `confirmed_at`, `created_at`, `updated_at`) VALUES (57, 57, 'FRIENDSHIP', '1973-08-16 16:58:47', '2020-11-18 08:15:39', '2000-07-09 02:43:02', '2016-07-30 08:21:16');
INSERT INTO `friendship` (`user_id`, `friend_id`, `friendship_status`, `requested_at`, `confirmed_at`, `created_at`, `updated_at`) VALUES (58, 58, 'FOLLOWING', '2007-10-13 04:18:26', '1997-01-06 16:23:23', '1979-04-17 21:34:37', '1977-03-25 05:37:31');
INSERT INTO `friendship` (`user_id`, `friend_id`, `friendship_status`, `requested_at`, `confirmed_at`, `created_at`, `updated_at`) VALUES (59, 59, 'FOLLOWING', '1977-04-13 23:52:40', '2019-05-01 21:10:16', '1979-12-20 17:09:31', '1990-10-19 05:08:10');
INSERT INTO `friendship` (`user_id`, `friend_id`, `friendship_status`, `requested_at`, `confirmed_at`, `created_at`, `updated_at`) VALUES (60, 60, 'FOLLOWING', '1990-09-05 09:33:39', '1970-12-09 17:15:20', '1988-11-17 08:45:24', '1994-11-07 02:25:04');
INSERT INTO `friendship` (`user_id`, `friend_id`, `friendship_status`, `requested_at`, `confirmed_at`, `created_at`, `updated_at`) VALUES (61, 61, 'FRIENDSHIP', '1992-01-24 06:27:20', '1986-11-10 20:09:54', '2020-07-03 12:02:16', '1985-07-09 07:06:35');
INSERT INTO `friendship` (`user_id`, `friend_id`, `friendship_status`, `requested_at`, `confirmed_at`, `created_at`, `updated_at`) VALUES (62, 62, 'FRIENDSHIP', '1995-08-05 05:06:53', '2000-12-29 04:26:27', '1990-04-28 00:23:14', '1976-06-12 12:47:32');
INSERT INTO `friendship` (`user_id`, `friend_id`, `friendship_status`, `requested_at`, `confirmed_at`, `created_at`, `updated_at`) VALUES (63, 63, 'FRIENDSHIP', '2012-07-12 02:44:28', '1990-11-16 08:08:29', '1989-06-25 03:48:05', '2008-07-09 03:41:21');
INSERT INTO `friendship` (`user_id`, `friend_id`, `friendship_status`, `requested_at`, `confirmed_at`, `created_at`, `updated_at`) VALUES (64, 64, 'BLOCKED', '1996-11-25 23:28:51', '1980-03-04 02:36:55', '1982-10-24 17:46:48', '2017-11-09 01:39:40');
INSERT INTO `friendship` (`user_id`, `friend_id`, `friendship_status`, `requested_at`, `confirmed_at`, `created_at`, `updated_at`) VALUES (65, 65, 'FRIENDSHIP', '1972-06-17 21:50:54', '1995-07-03 01:30:25', '2006-09-28 00:27:20', '2000-03-09 23:25:47');
INSERT INTO `friendship` (`user_id`, `friend_id`, `friendship_status`, `requested_at`, `confirmed_at`, `created_at`, `updated_at`) VALUES (66, 66, 'FOLLOWING', '2010-04-12 19:38:02', '1997-01-24 17:50:53', '1996-07-29 04:23:36', '1973-09-23 12:54:25');
INSERT INTO `friendship` (`user_id`, `friend_id`, `friendship_status`, `requested_at`, `confirmed_at`, `created_at`, `updated_at`) VALUES (67, 67, 'FRIENDSHIP', '2000-02-13 01:44:21', '1986-01-25 23:17:24', '1988-09-15 07:19:27', '2001-01-18 14:34:36');
INSERT INTO `friendship` (`user_id`, `friend_id`, `friendship_status`, `requested_at`, `confirmed_at`, `created_at`, `updated_at`) VALUES (68, 68, 'FRIENDSHIP', '1994-09-26 12:55:50', '2016-04-02 14:16:12', '1971-03-18 15:07:52', '2013-12-01 09:30:29');
INSERT INTO `friendship` (`user_id`, `friend_id`, `friendship_status`, `requested_at`, `confirmed_at`, `created_at`, `updated_at`) VALUES (69, 69, 'BLOCKED', '1999-12-09 07:30:59', '2004-06-21 07:32:11', '1972-06-06 12:30:28', '2002-09-19 05:42:20');
INSERT INTO `friendship` (`user_id`, `friend_id`, `friendship_status`, `requested_at`, `confirmed_at`, `created_at`, `updated_at`) VALUES (70, 70, 'FOLLOWING', '1979-12-14 18:07:58', '1992-07-07 13:34:02', '1989-08-27 02:11:12', '1981-12-15 03:22:27');
INSERT INTO `friendship` (`user_id`, `friend_id`, `friendship_status`, `requested_at`, `confirmed_at`, `created_at`, `updated_at`) VALUES (71, 71, 'BLOCKED', '1973-08-12 19:07:34', '2014-02-18 10:16:44', '1979-05-11 17:07:43', '2008-04-20 07:09:48');
INSERT INTO `friendship` (`user_id`, `friend_id`, `friendship_status`, `requested_at`, `confirmed_at`, `created_at`, `updated_at`) VALUES (72, 72, 'BLOCKED', '1996-10-27 03:47:26', '1986-01-09 20:20:59', '2009-11-10 07:39:42', '1996-10-20 13:04:45');
INSERT INTO `friendship` (`user_id`, `friend_id`, `friendship_status`, `requested_at`, `confirmed_at`, `created_at`, `updated_at`) VALUES (73, 73, 'FOLLOWING', '1985-07-31 14:05:42', '1997-05-14 04:42:10', '1988-06-02 11:46:49', '2008-07-19 08:45:28');
INSERT INTO `friendship` (`user_id`, `friend_id`, `friendship_status`, `requested_at`, `confirmed_at`, `created_at`, `updated_at`) VALUES (74, 74, 'BLOCKED', '2020-05-24 23:14:06', '2017-04-12 04:20:42', '1997-07-12 05:10:34', '2016-04-20 05:27:04');
INSERT INTO `friendship` (`user_id`, `friend_id`, `friendship_status`, `requested_at`, `confirmed_at`, `created_at`, `updated_at`) VALUES (75, 75, 'FRIENDSHIP', '1975-08-08 00:12:44', '2014-08-06 08:13:03', '2011-09-23 08:21:45', '1983-08-14 18:18:29');
INSERT INTO `friendship` (`user_id`, `friend_id`, `friendship_status`, `requested_at`, `confirmed_at`, `created_at`, `updated_at`) VALUES (76, 76, 'FOLLOWING', '2009-12-18 00:17:55', '1970-06-18 23:25:09', '1977-03-01 21:32:15', '2003-05-21 07:09:40');
INSERT INTO `friendship` (`user_id`, `friend_id`, `friendship_status`, `requested_at`, `confirmed_at`, `created_at`, `updated_at`) VALUES (77, 77, 'FRIENDSHIP', '2008-06-01 08:50:42', '2009-10-25 15:55:24', '1984-11-07 18:41:30', '2011-01-20 10:36:16');
INSERT INTO `friendship` (`user_id`, `friend_id`, `friendship_status`, `requested_at`, `confirmed_at`, `created_at`, `updated_at`) VALUES (78, 78, 'FRIENDSHIP', '2006-12-08 19:09:17', '2015-12-04 20:35:55', '1973-03-27 01:45:29', '2002-08-11 03:02:16');
INSERT INTO `friendship` (`user_id`, `friend_id`, `friendship_status`, `requested_at`, `confirmed_at`, `created_at`, `updated_at`) VALUES (79, 79, 'FOLLOWING', '1986-11-05 12:36:28', '1997-03-13 01:48:30', '1970-01-21 07:36:57', '1984-02-07 20:03:27');
INSERT INTO `friendship` (`user_id`, `friend_id`, `friendship_status`, `requested_at`, `confirmed_at`, `created_at`, `updated_at`) VALUES (80, 80, 'BLOCKED', '2009-09-18 02:47:24', '2007-09-17 22:03:38', '1985-11-18 05:24:30', '1972-08-05 09:17:04');
INSERT INTO `friendship` (`user_id`, `friend_id`, `friendship_status`, `requested_at`, `confirmed_at`, `created_at`, `updated_at`) VALUES (81, 81, 'FRIENDSHIP', '1976-06-16 15:46:30', '2014-04-01 23:28:51', '2000-02-08 04:33:23', '2008-10-25 11:19:16');
INSERT INTO `friendship` (`user_id`, `friend_id`, `friendship_status`, `requested_at`, `confirmed_at`, `created_at`, `updated_at`) VALUES (82, 82, 'FRIENDSHIP', '2012-09-22 06:23:57', '2017-12-19 00:03:31', '2021-04-24 13:29:51', '1996-11-06 15:45:11');
INSERT INTO `friendship` (`user_id`, `friend_id`, `friendship_status`, `requested_at`, `confirmed_at`, `created_at`, `updated_at`) VALUES (83, 83, 'FRIENDSHIP', '1983-07-22 03:15:06', '1972-10-21 00:07:52', '2002-01-18 12:40:54', '1989-02-16 13:01:23');
INSERT INTO `friendship` (`user_id`, `friend_id`, `friendship_status`, `requested_at`, `confirmed_at`, `created_at`, `updated_at`) VALUES (84, 84, 'BLOCKED', '1979-12-21 11:32:11', '2014-07-22 17:29:00', '2020-02-07 04:51:07', '1982-03-05 17:56:39');
INSERT INTO `friendship` (`user_id`, `friend_id`, `friendship_status`, `requested_at`, `confirmed_at`, `created_at`, `updated_at`) VALUES (85, 85, 'FRIENDSHIP', '2008-10-29 09:43:11', '2020-03-08 17:21:53', '1993-01-04 06:40:55', '2007-09-01 10:13:26');
INSERT INTO `friendship` (`user_id`, `friend_id`, `friendship_status`, `requested_at`, `confirmed_at`, `created_at`, `updated_at`) VALUES (86, 86, 'FOLLOWING', '2021-02-03 03:46:23', '2010-11-23 00:17:53', '1979-04-09 23:44:23', '1980-03-26 12:20:18');
INSERT INTO `friendship` (`user_id`, `friend_id`, `friendship_status`, `requested_at`, `confirmed_at`, `created_at`, `updated_at`) VALUES (87, 87, 'BLOCKED', '1975-02-10 19:51:02', '2005-11-14 12:20:09', '1971-05-11 19:49:03', '1970-01-13 11:55:36');
INSERT INTO `friendship` (`user_id`, `friend_id`, `friendship_status`, `requested_at`, `confirmed_at`, `created_at`, `updated_at`) VALUES (88, 88, 'FOLLOWING', '2005-03-17 23:20:59', '2001-11-10 08:55:01', '2007-03-09 07:39:58', '1982-09-26 18:48:42');
INSERT INTO `friendship` (`user_id`, `friend_id`, `friendship_status`, `requested_at`, `confirmed_at`, `created_at`, `updated_at`) VALUES (89, 89, 'FOLLOWING', '1994-06-18 02:07:50', '2020-07-14 00:09:26', '2017-06-29 16:07:22', '2004-08-08 23:42:16');
INSERT INTO `friendship` (`user_id`, `friend_id`, `friendship_status`, `requested_at`, `confirmed_at`, `created_at`, `updated_at`) VALUES (90, 90, 'FOLLOWING', '1992-12-18 00:39:36', '1975-03-27 14:34:15', '1970-08-19 14:24:01', '1970-11-27 04:04:54');
INSERT INTO `friendship` (`user_id`, `friend_id`, `friendship_status`, `requested_at`, `confirmed_at`, `created_at`, `updated_at`) VALUES (91, 91, 'FOLLOWING', '2012-09-06 00:31:01', '1983-02-07 09:37:07', '1990-01-10 10:18:17', '1974-02-10 01:13:47');
INSERT INTO `friendship` (`user_id`, `friend_id`, `friendship_status`, `requested_at`, `confirmed_at`, `created_at`, `updated_at`) VALUES (92, 92, 'FOLLOWING', '2011-12-14 12:54:07', '2000-01-24 10:37:01', '1984-10-06 19:08:45', '2004-11-13 13:10:33');
INSERT INTO `friendship` (`user_id`, `friend_id`, `friendship_status`, `requested_at`, `confirmed_at`, `created_at`, `updated_at`) VALUES (93, 93, 'BLOCKED', '1971-10-29 11:38:50', '2009-09-19 22:32:49', '1996-04-26 05:57:31', '1980-04-22 16:04:03');
INSERT INTO `friendship` (`user_id`, `friend_id`, `friendship_status`, `requested_at`, `confirmed_at`, `created_at`, `updated_at`) VALUES (94, 94, 'FRIENDSHIP', '1986-06-22 22:31:26', '1993-03-23 22:56:07', '2017-03-24 18:30:00', '2006-02-14 11:09:40');
INSERT INTO `friendship` (`user_id`, `friend_id`, `friendship_status`, `requested_at`, `confirmed_at`, `created_at`, `updated_at`) VALUES (95, 95, 'FRIENDSHIP', '1997-09-04 08:09:07', '1971-01-31 00:55:23', '1994-11-27 05:05:19', '1988-12-22 01:15:21');
INSERT INTO `friendship` (`user_id`, `friend_id`, `friendship_status`, `requested_at`, `confirmed_at`, `created_at`, `updated_at`) VALUES (96, 96, 'FOLLOWING', '2009-08-12 06:57:50', '1982-12-09 03:21:52', '2014-03-26 21:13:33', '2008-06-11 09:58:21');
INSERT INTO `friendship` (`user_id`, `friend_id`, `friendship_status`, `requested_at`, `confirmed_at`, `created_at`, `updated_at`) VALUES (97, 97, 'BLOCKED', '1984-09-13 15:26:01', '2011-07-31 17:48:50', '1988-12-31 01:07:21', '1976-07-30 21:07:11');
INSERT INTO `friendship` (`user_id`, `friend_id`, `friendship_status`, `requested_at`, `confirmed_at`, `created_at`, `updated_at`) VALUES (98, 98, 'BLOCKED', '1994-02-09 20:55:24', '2012-08-05 07:16:39', '2018-01-31 04:06:58', '1990-01-13 17:12:58');
INSERT INTO `friendship` (`user_id`, `friend_id`, `friendship_status`, `requested_at`, `confirmed_at`, `created_at`, `updated_at`) VALUES (99, 99, 'FOLLOWING', '1984-09-02 19:37:56', '1976-08-05 20:19:30', '1990-05-26 03:23:04', '1991-01-11 08:31:02');
INSERT INTO `friendship` (`user_id`, `friend_id`, `friendship_status`, `requested_at`, `confirmed_at`, `created_at`, `updated_at`) VALUES (100, 100, 'BLOCKED', '2009-08-08 15:14:04', '2006-10-14 20:52:21', '2006-07-24 21:30:20', '1980-09-13 16:07:48');


INSERT INTO `media_files` (`id`, `upload_at`, `content`, `likes_count`) VALUES (1, '1986-11-07 23:15:52', 'Enim sed reiciendis eligendi maxime tenetur repellat. Aut omnis voluptatem eos dolor tenetur in. Quis quas nobis tenetur est a autem. Fugit natus amet ut ad.', 99);
INSERT INTO `media_files` (`id`, `upload_at`, `content`, `likes_count`) VALUES (2, '1989-06-15 19:56:13', 'Corporis doloremque eveniet cumque commodi. Quaerat atque sequi magni deleniti. Dolore et maiores eius ad iure perferendis et.\nItaque mollitia in labore rerum. Aut ab quo sequi laudantium.', 46608017);
INSERT INTO `media_files` (`id`, `upload_at`, `content`, `likes_count`) VALUES (3, '2004-01-04 01:33:52', 'Voluptatem amet autem enim velit animi ut. Praesentium optio ut qui. Tempora velit non earum quam ipsum. Velit sint asperiores rerum quis hic voluptas enim.', 8440);
INSERT INTO `media_files` (`id`, `upload_at`, `content`, `likes_count`) VALUES (4, '2003-02-01 10:36:27', 'Consequatur sint architecto numquam dolore sapiente autem. Incidunt est esse dolorum dolor. Possimus et fugit eaque aut.', 1582);
INSERT INTO `media_files` (`id`, `upload_at`, `content`, `likes_count`) VALUES (5, '1977-03-31 14:49:27', 'Occaecati unde perferendis libero illum. Est deserunt enim at possimus cum. Eaque repellendus quis ullam qui. Magni et vel atque et aliquam.', 28804744);
INSERT INTO `media_files` (`id`, `upload_at`, `content`, `likes_count`) VALUES (6, '2010-05-25 08:39:27', 'Sit voluptatem id quasi. Consequuntur sunt error veritatis dolore cumque. Nesciunt aperiam perspiciatis autem nihil non et necessitatibus. Eum ad cum alias omnis.', 916);
INSERT INTO `media_files` (`id`, `upload_at`, `content`, `likes_count`) VALUES (7, '2007-03-02 14:53:47', 'Provident earum ea autem. Et ex sed perspiciatis modi suscipit eos. Vel reprehenderit iste numquam itaque fuga.', 44278);
INSERT INTO `media_files` (`id`, `upload_at`, `content`, `likes_count`) VALUES (8, '1972-02-10 00:16:11', 'Non veritatis corrupti ab praesentium quas debitis et voluptatum. Minima rerum ipsam quod expedita. Et ut ut reprehenderit sit. Quae ipsum ullam et laudantium sit aut.', 37165589);
INSERT INTO `media_files` (`id`, `upload_at`, `content`, `likes_count`) VALUES (9, '1997-01-07 13:20:38', 'Pariatur et est aut dolorem. Consequuntur aperiam alias eos incidunt voluptatibus. Reprehenderit possimus aut nihil et. Molestiae animi dolores voluptatum et.', 24555961);
INSERT INTO `media_files` (`id`, `upload_at`, `content`, `likes_count`) VALUES (10, '1987-04-25 00:52:01', 'Quo et odit voluptatem optio illo. Enim sit culpa deserunt eligendi autem. Et aut voluptas fuga illo.', 9);
INSERT INTO `media_files` (`id`, `upload_at`, `content`, `likes_count`) VALUES (11, '1982-05-25 07:03:49', 'Et dicta omnis voluptate cumque. Quis mollitia consequatur quo. Vel iusto qui ea sed dolorem sunt fugiat. Earum voluptatem magni velit sed.', 73);
INSERT INTO `media_files` (`id`, `upload_at`, `content`, `likes_count`) VALUES (12, '1993-01-20 20:14:01', 'Deleniti nesciunt porro facere ducimus officiis aut. Molestias quis saepe nobis atque culpa. Et quidem voluptatem molestias praesentium quos sint et. Aut dolores modi ducimus incidunt.', 6);
INSERT INTO `media_files` (`id`, `upload_at`, `content`, `likes_count`) VALUES (13, '1980-06-13 05:46:22', 'Voluptas excepturi provident et dolorum nihil. Possimus officiis cupiditate animi. At repellendus qui officia aut id consequuntur. Voluptatem adipisci debitis et eaque odit perferendis.', 8);
INSERT INTO `media_files` (`id`, `upload_at`, `content`, `likes_count`) VALUES (14, '1984-09-20 17:29:47', 'Voluptate praesentium dicta similique debitis. Est eum qui non. At sit officiis qui.', 27015);
INSERT INTO `media_files` (`id`, `upload_at`, `content`, `likes_count`) VALUES (15, '1999-03-04 21:59:04', 'Quae incidunt quis vel sit sit. Aut autem quo tempora necessitatibus possimus. Qui eos nihil laborum aut id. Aperiam fugiat alias non eum minus ut omnis. Consequatur similique omnis qui explicabo.', 0);
INSERT INTO `media_files` (`id`, `upload_at`, `content`, `likes_count`) VALUES (16, '2010-02-26 11:33:25', 'Quo iusto nulla tempora veniam. Rerum quia sit odio qui velit itaque reiciendis. Ea consequatur illum sit quas aut eum porro. Officiis illum sequi et sed.', 3);
INSERT INTO `media_files` (`id`, `upload_at`, `content`, `likes_count`) VALUES (17, '1999-09-27 03:07:51', 'Impedit quia vel quia voluptatibus sed labore. Aliquid accusamus unde ut soluta. Autem ut et omnis.', 4486332);
INSERT INTO `media_files` (`id`, `upload_at`, `content`, `likes_count`) VALUES (18, '2009-08-11 04:04:10', 'Ut ullam quas eius. Adipisci quam et ex eligendi eveniet nam omnis. Dolore provident in autem ea. Aut facere perspiciatis velit ipsa eos repellat qui.', 4269241);
INSERT INTO `media_files` (`id`, `upload_at`, `content`, `likes_count`) VALUES (19, '1980-11-05 02:05:16', 'Qui culpa nihil est dolor fugiat hic eveniet. Quibusdam quia voluptatem voluptas id. Aperiam laboriosam impedit eum necessitatibus voluptatem dolorem.', 0);
INSERT INTO `media_files` (`id`, `upload_at`, `content`, `likes_count`) VALUES (20, '2018-04-25 10:10:39', 'Maiores a pariatur labore velit omnis eius. Ea eaque sint voluptatem quae inventore id porro. Eos qui suscipit minima voluptatem laboriosam dolor voluptatem.', 837);
INSERT INTO `media_files` (`id`, `upload_at`, `content`, `likes_count`) VALUES (21, '2004-04-16 04:05:28', 'Aut et harum et quasi et. Blanditiis ipsum et enim impedit. Debitis et earum aut aliquam excepturi.', 2686);
INSERT INTO `media_files` (`id`, `upload_at`, `content`, `likes_count`) VALUES (22, '1991-04-10 10:16:15', 'Eos accusamus sapiente quas laudantium occaecati qui. Iste atque quidem vitae vitae repellat veniam dolorum. Quia rerum adipisci et quibusdam nemo ut delectus.', 688323);
INSERT INTO `media_files` (`id`, `upload_at`, `content`, `likes_count`) VALUES (23, '2020-04-16 09:49:31', 'Quasi nemo ut et voluptate. Atque necessitatibus est voluptatibus expedita. Enim atque enim libero rem nam tenetur.', 58);
INSERT INTO `media_files` (`id`, `upload_at`, `content`, `likes_count`) VALUES (24, '1999-09-26 10:07:04', 'Eos est reprehenderit ut facilis consequatur temporibus. Ut fugiat esse repudiandae libero inventore explicabo incidunt non. Sit inventore commodi repudiandae. Quo occaecati ea magni qui incidunt.', 36227375);
INSERT INTO `media_files` (`id`, `upload_at`, `content`, `likes_count`) VALUES (25, '1983-04-07 16:45:49', 'Incidunt vel ducimus veritatis quis corporis qui. Facilis at sit aut suscipit. Sit sed quibusdam qui soluta maxime qui laborum. Quia distinctio et sed eligendi vitae aut.', 280526);
INSERT INTO `media_files` (`id`, `upload_at`, `content`, `likes_count`) VALUES (26, '1994-05-30 08:07:46', 'Ex saepe modi placeat quibusdam ea tenetur et. Quidem minima excepturi aut labore ut ut facere maxime. Debitis sit laborum est consequuntur. Rem dicta illo ut corrupti exercitationem quo aliquid est.', 0);
INSERT INTO `media_files` (`id`, `upload_at`, `content`, `likes_count`) VALUES (27, '2019-06-09 05:15:37', 'Eaque repellat et sequi culpa numquam officiis. Aut repudiandae atque ut cum. Sapiente quidem eos autem libero. Natus eaque ducimus est eum assumenda est.', 6990);
INSERT INTO `media_files` (`id`, `upload_at`, `content`, `likes_count`) VALUES (28, '1972-06-23 22:32:27', 'Corporis nihil non tempora quo dolorem sit. Officia praesentium officia accusantium velit. Eius voluptatum modi nemo maiores odit. Et aut atque quae aut facere.', 75895);
INSERT INTO `media_files` (`id`, `upload_at`, `content`, `likes_count`) VALUES (29, '1995-04-04 16:55:17', 'Rem vero aut at quasi et. Aliquid temporibus quia consequatur nemo.', 0);
INSERT INTO `media_files` (`id`, `upload_at`, `content`, `likes_count`) VALUES (30, '1992-04-28 10:20:34', 'Eos autem ut fugiat assumenda repellendus maxime. Sit enim earum rerum quos velit. Ipsa quasi perferendis sit rerum aut ipsam. Error fugiat a et non asperiores. Aut dolor sint ipsa itaque est.', 89321);
INSERT INTO `media_files` (`id`, `upload_at`, `content`, `likes_count`) VALUES (31, '2008-07-07 10:06:54', 'Voluptatem dolor impedit occaecati omnis eius neque voluptatum. Consequuntur eum ea maiores qui enim ut corrupti. Necessitatibus officiis repudiandae odit autem. Quia ex debitis inventore odio.', 236);
INSERT INTO `media_files` (`id`, `upload_at`, `content`, `likes_count`) VALUES (32, '1983-02-02 07:10:06', 'Quo aperiam ut in voluptatem. Modi error ad fuga molestias aut. Vel et et fugit. Explicabo consequuntur sint aut molestiae incidunt quisquam autem.', 2);
INSERT INTO `media_files` (`id`, `upload_at`, `content`, `likes_count`) VALUES (33, '2008-06-16 03:07:28', 'Atque dolor voluptate velit doloremque nulla ab vel omnis. Placeat molestias ea enim culpa. Distinctio quia incidunt atque voluptas.', 843937339);
INSERT INTO `media_files` (`id`, `upload_at`, `content`, `likes_count`) VALUES (34, '1993-01-12 07:08:23', 'Laborum nisi odit repellendus qui laborum. Cumque assumenda ut illo libero. Ea ipsum eum voluptatibus similique possimus ut.', 8139623);
INSERT INTO `media_files` (`id`, `upload_at`, `content`, `likes_count`) VALUES (35, '1978-09-02 03:00:17', 'Rerum ad eum deleniti magnam quod distinctio. Laudantium sed molestiae incidunt.', 9);
INSERT INTO `media_files` (`id`, `upload_at`, `content`, `likes_count`) VALUES (36, '1993-04-02 19:09:16', 'Quidem et enim omnis voluptates tempora facere. Debitis quo nostrum quaerat eius error accusantium itaque. Eaque dolor rerum sed voluptatem et.', 626616);
INSERT INTO `media_files` (`id`, `upload_at`, `content`, `likes_count`) VALUES (37, '1982-09-25 18:10:41', 'Soluta ut modi facere magnam. Voluptatem et quis error est fuga modi.', 829043495);
INSERT INTO `media_files` (`id`, `upload_at`, `content`, `likes_count`) VALUES (38, '1971-10-07 07:22:30', 'Quasi a asperiores soluta aut. Quis quasi labore vel aut inventore. Suscipit unde fugit quae esse similique alias.', 30);
INSERT INTO `media_files` (`id`, `upload_at`, `content`, `likes_count`) VALUES (39, '2005-02-01 21:11:47', 'Voluptas est aut voluptate dolorum. Sunt quia eum beatae et. Expedita quis saepe deleniti ut quasi quod amet.', 88374);
INSERT INTO `media_files` (`id`, `upload_at`, `content`, `likes_count`) VALUES (40, '1971-05-13 12:13:20', 'Molestiae aliquam quod labore voluptates pariatur et quod. Qui reprehenderit maxime perferendis voluptate amet et. Illo quidem amet voluptatum atque sequi nesciunt consequatur.', 461);
INSERT INTO `media_files` (`id`, `upload_at`, `content`, `likes_count`) VALUES (41, '1973-03-03 02:47:43', 'Incidunt adipisci corrupti excepturi consectetur. At porro dicta sapiente minima provident error molestiae. Vel omnis et quas et incidunt quae aliquam.', 0);
INSERT INTO `media_files` (`id`, `upload_at`, `content`, `likes_count`) VALUES (42, '2001-09-20 05:30:48', 'Nihil autem est eligendi nam sint. Officia autem est dolorem illum ut. Labore soluta sit ut unde. Quis ipsam quasi reprehenderit aut quia. Quis assumenda inventore enim nulla.', 66018900);
INSERT INTO `media_files` (`id`, `upload_at`, `content`, `likes_count`) VALUES (43, '2010-11-13 21:04:45', 'Dolores est laboriosam in pariatur in. Quia alias culpa qui dolores labore alias incidunt. Fugit quae quidem recusandae velit non ex consequuntur. Qui quis ipsam cumque culpa corrupti.', 7570379);
INSERT INTO `media_files` (`id`, `upload_at`, `content`, `likes_count`) VALUES (44, '1988-03-17 19:11:23', 'Ea saepe voluptatem commodi id nulla incidunt et. Nobis quis quia illum. Aut voluptatem aut quia voluptatibus quis harum ea.', 989054501);
INSERT INTO `media_files` (`id`, `upload_at`, `content`, `likes_count`) VALUES (45, '1984-02-29 11:33:04', 'Modi fugiat deleniti illo sint. Rerum minus pariatur et iusto nihil hic et. Eos ea dolorum odio vel voluptatibus nihil natus. Placeat quia error velit earum.', 52);
INSERT INTO `media_files` (`id`, `upload_at`, `content`, `likes_count`) VALUES (46, '1988-01-27 13:21:27', 'Expedita officia optio sint quo numquam et excepturi. Animi quam qui quos molestiae sed quisquam. Consequatur odio minima itaque eum sit fugit. Aut est reiciendis error ut.', 4773475);
INSERT INTO `media_files` (`id`, `upload_at`, `content`, `likes_count`) VALUES (47, '2007-08-28 15:14:53', 'Iure enim quas officiis animi corrupti distinctio in. Perferendis itaque in velit et ab laudantium. In possimus et quo nemo blanditiis ipsum.', 896256);
INSERT INTO `media_files` (`id`, `upload_at`, `content`, `likes_count`) VALUES (48, '1989-05-27 23:20:18', 'Possimus in quasi consequatur iure pariatur inventore et. Veniam architecto esse voluptatum et. Voluptatibus consequatur quis nostrum dolor. Ad minus eaque mollitia quis.', 172);
INSERT INTO `media_files` (`id`, `upload_at`, `content`, `likes_count`) VALUES (49, '1973-04-10 14:13:47', 'Itaque perspiciatis iusto fugiat occaecati. Suscipit omnis sed tenetur cupiditate illo tenetur distinctio. Eaque omnis quos nihil ad deleniti expedita quo. Aut necessitatibus dolorem vel.', 6001);
INSERT INTO `media_files` (`id`, `upload_at`, `content`, `likes_count`) VALUES (50, '1984-02-23 00:42:24', 'Quas maiores nostrum et. Sit dolorum cupiditate ullam consequatur provident veritatis. Aut et ut animi vel odio quisquam vel. Consequatur consectetur iure ut saepe et nihil.', 579892207);
INSERT INTO `media_files` (`id`, `upload_at`, `content`, `likes_count`) VALUES (51, '2021-06-20 04:15:51', 'Sunt recusandae eaque est quae. Reprehenderit nam magnam qui molestiae est. Alias dolorum voluptas placeat est eius ut sit facere.', 0);
INSERT INTO `media_files` (`id`, `upload_at`, `content`, `likes_count`) VALUES (52, '2008-11-07 23:47:21', 'Et dolores veniam voluptas delectus in aut vel. Autem corrupti nobis dignissimos aspernatur vel error. Ratione odio repellat id nesciunt quia asperiores est commodi.', 5769);
INSERT INTO `media_files` (`id`, `upload_at`, `content`, `likes_count`) VALUES (53, '1988-12-24 16:40:05', 'Quis deleniti perspiciatis in ad sed quasi voluptatem. Eos vitae amet fugit ab. Nobis delectus quis ad dolores.', 4867214);
INSERT INTO `media_files` (`id`, `upload_at`, `content`, `likes_count`) VALUES (54, '1982-09-21 08:55:09', 'Reiciendis iure aperiam quidem. Soluta unde nobis pariatur ab qui deserunt. Sunt voluptatem autem voluptas animi velit sed.', 5003);
INSERT INTO `media_files` (`id`, `upload_at`, `content`, `likes_count`) VALUES (55, '2014-09-08 03:03:35', 'Rerum voluptatum nihil beatae corporis. Ea eligendi quia vero et magni voluptatem. Amet porro et esse maiores id. Et voluptatem ut qui sit et at quos.', 5);
INSERT INTO `media_files` (`id`, `upload_at`, `content`, `likes_count`) VALUES (56, '2015-11-05 07:26:27', 'Corrupti aut molestias asperiores eius quo. Reiciendis rerum molestias corrupti sit aliquid quae et. Eveniet eum minima nam magni. Officiis et ex quo ipsum deserunt.', 761472);
INSERT INTO `media_files` (`id`, `upload_at`, `content`, `likes_count`) VALUES (57, '1995-04-24 16:26:15', 'Sequi nisi numquam et velit voluptatem. Ut iste ea facilis distinctio delectus sit. Voluptatem qui ad exercitationem impedit amet qui.', 19119);
INSERT INTO `media_files` (`id`, `upload_at`, `content`, `likes_count`) VALUES (58, '2021-05-24 01:57:12', 'Animi ut consequatur aliquid eligendi. Consequatur aut saepe exercitationem at ut. Atque ipsum est animi molestiae dolorem est.', 8);
INSERT INTO `media_files` (`id`, `upload_at`, `content`, `likes_count`) VALUES (59, '2003-04-09 08:04:06', 'Totam natus cum odio cupiditate ut dolor ullam. Sed voluptatibus ut qui labore aliquam at est. Tempore occaecati illum quis.', 76540065);
INSERT INTO `media_files` (`id`, `upload_at`, `content`, `likes_count`) VALUES (60, '2001-09-19 22:54:52', 'Dolores nemo nisi et. Ea aut porro et ipsam quo quia.\nAssumenda cum iste dolorem distinctio. Aut culpa sequi ducimus rerum ea. Maxime quibusdam atque adipisci non fugiat vel enim doloribus.', 0);
INSERT INTO `media_files` (`id`, `upload_at`, `content`, `likes_count`) VALUES (61, '1974-05-28 17:59:57', 'Ut quos delectus sint id et pariatur dicta. Est beatae hic iure accusamus velit qui vel. Sit maiores laboriosam est eaque quae sunt dolor.', 24315);
INSERT INTO `media_files` (`id`, `upload_at`, `content`, `likes_count`) VALUES (62, '1984-05-12 10:18:27', 'Velit nesciunt cumque ut blanditiis a. Eveniet libero eos et. Consequatur accusantium nam quis vel fuga optio voluptate vero. Sit quod corrupti sapiente temporibus.', 6);
INSERT INTO `media_files` (`id`, `upload_at`, `content`, `likes_count`) VALUES (63, '1979-01-03 05:51:06', 'Sed excepturi ut rerum atque animi harum iusto quae. Quidem molestiae deleniti ipsum qui quod similique eum. Velit quo laboriosam sed eius at sint excepturi.', 57867);
INSERT INTO `media_files` (`id`, `upload_at`, `content`, `likes_count`) VALUES (64, '2002-05-24 16:00:13', 'Amet dolore voluptate eum neque a. Impedit tempora a ipsa neque qui modi. Molestias possimus ratione aut vel in dolorem.', 91);
INSERT INTO `media_files` (`id`, `upload_at`, `content`, `likes_count`) VALUES (65, '1997-03-10 01:24:24', 'Molestiae omnis quis labore adipisci rem nemo dolorum. Laboriosam optio ab voluptatem. Saepe aut nesciunt ea quas molestiae consequuntur aut.', 2580088);
INSERT INTO `media_files` (`id`, `upload_at`, `content`, `likes_count`) VALUES (66, '1995-09-20 06:36:39', 'Quia et est maxime autem ut omnis sed. Ut ut in repellendus ipsa consequatur. Unde et quidem qui expedita minus quod. Cupiditate omnis neque enim ut qui non.', 30017124);
INSERT INTO `media_files` (`id`, `upload_at`, `content`, `likes_count`) VALUES (67, '1987-09-24 02:51:46', 'Enim nostrum inventore harum. Accusamus ut id pariatur nisi. Accusamus earum ut nobis qui dolorem. Et sit nesciunt voluptates natus dolor at voluptatem. In voluptatem fugit veritatis ut sit.', 87815630);
INSERT INTO `media_files` (`id`, `upload_at`, `content`, `likes_count`) VALUES (68, '2002-12-19 09:32:35', 'Quia non deleniti id ea veniam qui in rerum. Tempore consequuntur ullam et est magnam. Dolor officiis et nulla reiciendis deserunt.', 15083485);
INSERT INTO `media_files` (`id`, `upload_at`, `content`, `likes_count`) VALUES (69, '2015-01-23 15:54:02', 'Recusandae quia unde sunt eum. Cupiditate quaerat qui ut voluptas quia consequuntur voluptas qui. Facere eum assumenda et et. Vitae impedit molestiae magnam veniam.', 9385077);
INSERT INTO `media_files` (`id`, `upload_at`, `content`, `likes_count`) VALUES (70, '1976-06-30 03:44:49', 'Dolor occaecati ut tempora. Dolorem vitae nihil enim non. Explicabo perspiciatis hic fugit fugiat est. Nam quis et incidunt unde.', 0);
INSERT INTO `media_files` (`id`, `upload_at`, `content`, `likes_count`) VALUES (71, '1979-01-30 05:49:22', 'Magni quis qui vitae cum et enim sed. At est aliquid itaque sint accusantium quia deserunt ut. Ut dolorum placeat vel sed. A accusantium commodi porro doloribus adipisci.', 35130302);
INSERT INTO `media_files` (`id`, `upload_at`, `content`, `likes_count`) VALUES (72, '2014-01-23 12:15:56', 'Nobis natus libero eaque asperiores et consequatur. Dolor et et tempora amet odio aliquid. Est nemo commodi nobis voluptas.', 39614629);
INSERT INTO `media_files` (`id`, `upload_at`, `content`, `likes_count`) VALUES (73, '2019-08-22 05:01:06', 'Rem voluptatum enim aut aut omnis. Sint fugiat ea quia sint sit eveniet deleniti. Sunt possimus distinctio autem.', 2701);
INSERT INTO `media_files` (`id`, `upload_at`, `content`, `likes_count`) VALUES (74, '1971-02-04 02:32:32', 'In vero asperiores quisquam adipisci voluptatum reiciendis eos. Officia consequatur qui quasi. Soluta aut aut sequi ea molestiae. Omnis minima assumenda officia omnis.', 942071);
INSERT INTO `media_files` (`id`, `upload_at`, `content`, `likes_count`) VALUES (75, '1984-03-26 19:54:13', 'Magnam corporis similique ad. Facere ducimus nam odio sunt molestiae beatae. Dolorum aspernatur eum maiores inventore.', 16);
INSERT INTO `media_files` (`id`, `upload_at`, `content`, `likes_count`) VALUES (76, '2014-03-04 07:07:07', 'Ut voluptatem nemo id doloribus assumenda recusandae aut. Dolor modi et nihil magnam nihil minima. Pariatur excepturi eligendi ut.', 23);
INSERT INTO `media_files` (`id`, `upload_at`, `content`, `likes_count`) VALUES (77, '1979-07-19 16:36:56', 'Et voluptas aut ab consequatur. Temporibus et exercitationem veniam. Dolores voluptate doloribus earum ut sit voluptatibus.', 905231);
INSERT INTO `media_files` (`id`, `upload_at`, `content`, `likes_count`) VALUES (78, '1998-12-21 20:40:43', 'Quia rem et ratione corrupti soluta consequatur qui adipisci. Aspernatur dolores provident voluptas autem nemo. Unde harum possimus sit voluptas ex et.', 8565962);
INSERT INTO `media_files` (`id`, `upload_at`, `content`, `likes_count`) VALUES (79, '2015-04-22 03:00:29', 'Recusandae illum molestiae repellat rerum. Doloribus doloribus sed ab aut rerum recusandae. Cumque nostrum numquam ipsa enim in aut.', 72);
INSERT INTO `media_files` (`id`, `upload_at`, `content`, `likes_count`) VALUES (80, '1993-04-10 02:00:19', 'Aliquam iste necessitatibus voluptates dolor minus praesentium sed. Consectetur iure saepe quae. Aut eius et repudiandae dicta.', 2045970);
INSERT INTO `media_files` (`id`, `upload_at`, `content`, `likes_count`) VALUES (81, '2012-12-17 23:15:34', 'Repudiandae deserunt ratione eligendi sunt ad molestias. Porro tempore cum cupiditate placeat enim repudiandae officia. Iste dicta numquam animi atque. Aut eligendi cumque dignissimos est fuga.', 0);
INSERT INTO `media_files` (`id`, `upload_at`, `content`, `likes_count`) VALUES (82, '1995-01-03 03:04:59', 'Ad vel maiores vitae et alias vero. Dicta velit quo aut dicta. Perferendis fugit consequatur ut minus laudantium sed cumque. Sint eius omnis libero atque. Nihil est autem distinctio dolor.', 402678769);
INSERT INTO `media_files` (`id`, `upload_at`, `content`, `likes_count`) VALUES (83, '1999-07-11 09:22:42', 'Aut mollitia est temporibus cupiditate harum. Saepe quo unde ea sint ut voluptatum similique. Itaque numquam at optio sapiente aut. Est sunt accusamus et deserunt quae aut.', 0);
INSERT INTO `media_files` (`id`, `upload_at`, `content`, `likes_count`) VALUES (84, '2018-09-02 23:56:28', 'Eum aut reprehenderit voluptatem animi et et sequi. Qui at officiis voluptatem consequatur beatae.\nOdio corrupti et maxime nihil consequatur. Placeat eveniet et voluptatem sed numquam.', 547);
INSERT INTO `media_files` (`id`, `upload_at`, `content`, `likes_count`) VALUES (85, '1981-09-14 07:50:41', 'Non blanditiis dolores mollitia tenetur rerum. Quos suscipit voluptatibus quos cum fugit. Vel quia consequatur vel reiciendis cumque sit consequatur harum. Rerum aut nam excepturi omnis esse.', 109);
INSERT INTO `media_files` (`id`, `upload_at`, `content`, `likes_count`) VALUES (86, '1997-06-10 15:56:24', 'Mollitia recusandae eligendi ut non. Accusantium nesciunt rem asperiores exercitationem. Itaque a consequatur minus eos odio deserunt. Beatae culpa omnis est.', 982);
INSERT INTO `media_files` (`id`, `upload_at`, `content`, `likes_count`) VALUES (87, '1981-11-05 05:12:08', 'Molestias officia illum voluptatem aut dolores atque ipsa facere. Nam facilis ut expedita. Sit rerum officiis eaque incidunt quo. Voluptatem minima voluptatem qui architecto unde dolores.', 576538);
INSERT INTO `media_files` (`id`, `upload_at`, `content`, `likes_count`) VALUES (88, '2011-03-18 07:36:19', 'Qui culpa quae tenetur. Totam quia qui libero delectus et animi cum. Iure qui natus officia maiores quas.', 84553);
INSERT INTO `media_files` (`id`, `upload_at`, `content`, `likes_count`) VALUES (89, '1992-08-13 05:30:34', 'Cupiditate id optio natus non. Quo perferendis soluta aliquam provident deserunt. Qui quos aliquid molestias repudiandae cumque omnis odio aut.', 9379);
INSERT INTO `media_files` (`id`, `upload_at`, `content`, `likes_count`) VALUES (90, '1985-10-25 02:05:22', 'Ullam est aperiam maiores eos culpa. Consectetur adipisci sed voluptatem non voluptas minus molestias. Sapiente quia atque nemo aut minima est. Aliquam qui voluptas alias ut.', 489);
INSERT INTO `media_files` (`id`, `upload_at`, `content`, `likes_count`) VALUES (91, '2009-07-11 07:36:24', 'Et enim ex ratione praesentium aliquam amet ducimus. Deleniti id tempore repudiandae et iure molestiae enim. Impedit nihil velit ducimus repudiandae. Quidem esse natus et eaque id repellat ab.', 248916);
INSERT INTO `media_files` (`id`, `upload_at`, `content`, `likes_count`) VALUES (92, '2011-11-14 04:38:21', 'Voluptatum repellendus possimus ipsam aut dolores quia. At asperiores modi asperiores quis nesciunt fugit consequuntur autem. Cumque nobis molestiae eaque aliquid non sit eius fugit.', 6808477);
INSERT INTO `media_files` (`id`, `upload_at`, `content`, `likes_count`) VALUES (93, '1985-04-11 03:54:18', 'Impedit consequuntur eum hic delectus quas voluptas totam. Quia odio beatae dolor at.', 0);
INSERT INTO `media_files` (`id`, `upload_at`, `content`, `likes_count`) VALUES (94, '2013-09-10 20:49:33', 'Et consequuntur molestias eligendi rem optio. Voluptatibus sapiente voluptates rem libero doloremque ut. Omnis quisquam fugit aperiam est quae ipsam optio exercitationem.', 299);
INSERT INTO `media_files` (`id`, `upload_at`, `content`, `likes_count`) VALUES (95, '2020-06-05 08:09:33', 'Dignissimos facere ullam iste ut. Accusamus nisi qui quia debitis beatae molestias vitae voluptas. Natus voluptates et illo illo. Quasi earum eveniet aut eligendi quae.', 9447);
INSERT INTO `media_files` (`id`, `upload_at`, `content`, `likes_count`) VALUES (96, '1995-11-14 03:55:15', 'Ea qui maxime non hic. Ipsam est et qui molestias ea a. Dolore fuga similique saepe aut illo quis est.', 91182903);
INSERT INTO `media_files` (`id`, `upload_at`, `content`, `likes_count`) VALUES (97, '2006-02-22 18:08:39', 'Voluptatibus aliquam amet magnam dolor quia. Officiis odit tempore nihil ipsum ab accusantium dolore. Dolores magni eos voluptatem doloribus.', 35744898);
INSERT INTO `media_files` (`id`, `upload_at`, `content`, `likes_count`) VALUES (98, '1974-11-28 14:25:10', 'Sit explicabo sit quos. Reprehenderit praesentium alias enim nobis maxime est dolores. Porro velit reiciendis maxime dolorem placeat.', 369);
INSERT INTO `media_files` (`id`, `upload_at`, `content`, `likes_count`) VALUES (99, '1983-10-20 01:07:20', 'Eos exercitationem itaque nihil vel. Consequuntur laboriosam quae autem ut deleniti. Voluptatem nulla fuga id quae saepe omnis dicta.', 753390);
INSERT INTO `media_files` (`id`, `upload_at`, `content`, `likes_count`) VALUES (100, '2009-05-18 20:16:09', 'Illo eveniet rem quae cum incidunt nisi ad. Quia aperiam non ut cum. Doloremque nisi rerum ut officia distinctio ab sed.', 849505);

INSERT INTO `posts` (`id`, `created_at`, `updated_at`, `post_text`, `was_edited`) VALUES (1, '1980-04-20 18:55:37', '1997-07-08 09:17:34', 'Hatter. \'Nor I,\' said the March Hare interrupted, yawning. \'I\'m getting tired of sitting by her sister on the top of his tail. \'As if it please your Majesty!\' the Duchess replied, in a whisper.).', 127);
INSERT INTO `posts` (`id`, `created_at`, `updated_at`, `post_text`, `was_edited`) VALUES (2, '1983-05-23 12:31:47', '2020-04-11 02:18:02', 'King, \'or I\'ll have you executed, whether you\'re a little of it?\' said the Hatter, \'you wouldn\'t talk about her other little children, and make out exactly what they said. The executioner\'s argument.', 127);
INSERT INTO `posts` (`id`, `created_at`, `updated_at`, `post_text`, `was_edited`) VALUES (3, '1991-12-03 16:12:38', '1984-04-03 06:41:09', 'LITTLE larger, sir, if you only kept on good terms with him, he\'d do almost anything you liked with the edge of the treat. When the sands are all dry, he is gay as a partner!\' cried the Mouse,.', 127);
INSERT INTO `posts` (`id`, `created_at`, `updated_at`, `post_text`, `was_edited`) VALUES (4, '2010-04-26 05:30:03', '2002-04-30 23:55:47', 'I had not noticed before, and she jumped up in great disgust, and walked two and two, as the large birds complained that they must be removed,\' said the Mock Turtle went on. \'Would you tell me, Pat,.', 127);
INSERT INTO `posts` (`id`, `created_at`, `updated_at`, `post_text`, `was_edited`) VALUES (5, '1990-07-12 08:46:06', '2013-12-13 15:05:46', 'I\'ll have you executed.\' The miserable Hatter dropped his teacup and bread-and-butter, and then I\'ll tell you my adventures--beginning from this morning,\' said Alice in a long, low hall, which was.', 127);
INSERT INTO `posts` (`id`, `created_at`, `updated_at`, `post_text`, `was_edited`) VALUES (6, '1995-11-15 08:44:31', '1996-09-30 20:00:40', 'The Panther took pie-crust, and gravy, and meat, While the Panther were sharing a pie--\' [later editions continued as follows When the Mouse in the face. \'I\'ll put a stop to this,\' she said to the.', 127);
INSERT INTO `posts` (`id`, `created_at`, `updated_at`, `post_text`, `was_edited`) VALUES (7, '2007-11-26 15:22:12', '2008-08-09 04:47:34', 'The Queen smiled and passed on. \'Who ARE you doing out here? Run home this moment, I tell you, you coward!\' and at once to eat some of the window, I only wish they WOULD put their heads down! I am.', 127);
INSERT INTO `posts` (`id`, `created_at`, `updated_at`, `post_text`, `was_edited`) VALUES (8, '1971-03-03 18:39:48', '2017-03-14 03:42:16', 'Gryphon. \'They can\'t have anything to put it into one of these cakes,\' she thought, and rightly too, that very few things indeed were really impossible. There seemed to be no sort of circle, (\'the.', 127);
INSERT INTO `posts` (`id`, `created_at`, `updated_at`, `post_text`, `was_edited`) VALUES (9, '1975-10-29 09:47:02', '1991-10-29 03:05:45', 'Alice. \'Then it wasn\'t trouble enough hatching the eggs,\' said the Gryphon. \'Then, you know,\' the Hatter began, in rather a complaining tone, \'and they all crowded round it, panting, and asking,.', 127);
INSERT INTO `posts` (`id`, `created_at`, `updated_at`, `post_text`, `was_edited`) VALUES (10, '1986-05-03 09:06:04', '1984-03-04 13:13:33', 'Arithmetic--Ambition, Distraction, Uglification, and Derision.\' \'I never went to school in the distance, screaming with passion. She had already heard her voice sounded hoarse and strange, and the.', 127);
INSERT INTO `posts` (`id`, `created_at`, `updated_at`, `post_text`, `was_edited`) VALUES (11, '1972-05-22 01:12:09', '2013-09-14 12:31:46', 'There ought to be a person of authority among them, called out, \'First witness!\' The first question of course had to stoop to save her neck would bend about easily in any direction, like a mouse,.', 127);
INSERT INTO `posts` (`id`, `created_at`, `updated_at`, `post_text`, `was_edited`) VALUES (12, '1976-06-11 18:39:30', '2015-01-01 23:04:58', 'Alice soon began talking to herself, as she spoke. \'I must be the use of a muchness?\' \'Really, now you ask me,\' said Alice, (she had kept a piece of evidence we\'ve heard yet,\' said Alice; \'living at.', 127);
INSERT INTO `posts` (`id`, `created_at`, `updated_at`, `post_text`, `was_edited`) VALUES (13, '1970-05-02 23:13:23', '2015-04-12 14:52:14', 'Gryphon. \'Well, I never understood what it might belong to one of the bottle was a little sharp bark just over her head to hide a smile: some of the tail, and ending with the other queer noises,.', 127);
INSERT INTO `posts` (`id`, `created_at`, `updated_at`, `post_text`, `was_edited`) VALUES (14, '2002-10-31 18:13:16', '2019-09-09 16:02:01', 'I breathe\"!\' \'It IS the fun?\' said Alice. \'Come on, then,\' said Alice, (she had kept a piece of bread-and-butter in the schoolroom, and though this was the White Rabbit put on her lap as if nothing.', 127);
INSERT INTO `posts` (`id`, `created_at`, `updated_at`, `post_text`, `was_edited`) VALUES (15, '2018-09-23 06:59:13', '1978-06-18 17:18:56', 'I ever saw in my life!\' Just as she ran; but the great hall, with the grin, which remained some time without hearing anything more: at last she stretched her arms folded, quietly smoking a long time.', 127);
INSERT INTO `posts` (`id`, `created_at`, `updated_at`, `post_text`, `was_edited`) VALUES (16, '1993-09-18 15:27:24', '2009-06-07 10:00:24', 'I\'ve had such a dear little puppy it was!\' said Alice, \'it\'s very interesting. I never was so small as this is May it won\'t be raving mad after all! I almost wish I\'d gone to see a little girl,\'.', 127);
INSERT INTO `posts` (`id`, `created_at`, `updated_at`, `post_text`, `was_edited`) VALUES (17, '1997-12-21 20:00:49', '2007-10-18 19:20:33', 'No room!\' they cried out when they hit her; and the baby--the fire-irons came first; then followed a shower of saucepans, plates, and dishes. The Duchess took no notice of her ever getting out of.', 127);
INSERT INTO `posts` (`id`, `created_at`, `updated_at`, `post_text`, `was_edited`) VALUES (18, '1999-08-25 23:52:12', '1985-06-10 18:42:23', 'I\'ve got to the conclusion that it might not escape again, and we put a white one in by mistake; and if the Mock Turtle: \'crumbs would all come wrong, and she soon found out that part.\' \'Well, at.', 127);
INSERT INTO `posts` (`id`, `created_at`, `updated_at`, `post_text`, `was_edited`) VALUES (19, '2012-01-11 14:35:33', '1994-05-28 22:31:36', 'Mock Turtle replied; \'and then the puppy jumped into the way down one side and then sat upon it.) \'I\'m glad they don\'t seem to come before that!\' \'Call the next witness. It quite makes my forehead.', 127);
INSERT INTO `posts` (`id`, `created_at`, `updated_at`, `post_text`, `was_edited`) VALUES (20, '2014-04-26 14:45:58', '2011-08-27 20:45:00', 'Dormouse began in a great deal too far off to other parts of the court,\" and I don\'t want to be?\' it asked. \'Oh, I\'m not used to know. Let me think: was I the same side of WHAT? The other guests had.', 127);
INSERT INTO `posts` (`id`, `created_at`, `updated_at`, `post_text`, `was_edited`) VALUES (21, '1986-11-27 07:00:18', '1993-05-01 04:56:49', 'MARMALADE\', but to get an opportunity of adding, \'You\'re looking for the next question is, Who in the trial done,\' she thought, \'and hand round the court and got behind Alice as he shook both his.', 127);
INSERT INTO `posts` (`id`, `created_at`, `updated_at`, `post_text`, `was_edited`) VALUES (22, '1981-12-30 08:43:21', '1985-05-26 15:36:57', 'Knave, \'I didn\'t know how to get very tired of being upset, and their slates and pencils had been for some minutes. The Caterpillar was the only one way of expecting nothing but the Rabbit came near.', 127);
INSERT INTO `posts` (`id`, `created_at`, `updated_at`, `post_text`, `was_edited`) VALUES (23, '2006-06-07 11:41:59', '2003-06-15 06:42:15', 'Alice, (she had grown so large a house, that she did it so yet,\' said the Hatter, and, just as well. The twelve jurors were writing down \'stupid things!\' on their slates, when the Rabbit was no one.', 127);
INSERT INTO `posts` (`id`, `created_at`, `updated_at`, `post_text`, `was_edited`) VALUES (24, '1971-03-20 18:32:08', '2010-09-24 08:10:33', 'Alice had been anything near the house before she had got to the beginning of the soldiers did. After these came the royal children, and make THEIR eyes bright and eager with many a strange tale,.', 127);
INSERT INTO `posts` (`id`, `created_at`, `updated_at`, `post_text`, `was_edited`) VALUES (25, '1992-12-04 05:31:17', '1972-06-17 12:57:22', 'Rabbit in a melancholy way, being quite unable to move. She soon got it out again, and she crossed her hands up to them to be a Caucus-race.\' \'What IS a Caucus-race?\' said Alice; \'I daresay it\'s a.', 127);
INSERT INTO `posts` (`id`, `created_at`, `updated_at`, `post_text`, `was_edited`) VALUES (26, '1978-12-14 06:12:04', '1971-09-18 01:41:48', 'Pigeon. \'I\'m NOT a serpent, I tell you, you coward!\' and at last turned sulky, and would only say, \'I am older than you, and must know better\'; and this time it all seemed quite natural to Alice a.', 127);
INSERT INTO `posts` (`id`, `created_at`, `updated_at`, `post_text`, `was_edited`) VALUES (27, '1980-06-30 01:18:12', '1973-10-10 11:23:35', 'Rabbit was still in sight, hurrying down it. There could be NO mistake about it: it was neither more nor less than no time to be done, I wonder?\' As she said this, she came upon a neat little house,.', 127);
INSERT INTO `posts` (`id`, `created_at`, `updated_at`, `post_text`, `was_edited`) VALUES (28, '1972-02-14 08:23:43', '1981-01-16 02:32:52', 'Time as well look and see what was on the other side of the guinea-pigs cheered, and was going to give the prizes?\' quite a commotion in the face. \'I\'ll put a stop to this,\' she said to Alice..', 127);
INSERT INTO `posts` (`id`, `created_at`, `updated_at`, `post_text`, `was_edited`) VALUES (29, '1971-11-27 23:33:20', '1999-11-07 10:05:29', 'Alice, thinking it was quite a conversation of it at all. \'But perhaps he can\'t help that,\' said the Caterpillar seemed to be a letter, written by the officers of the what?\' said the Duchess: \'and.', 127);
INSERT INTO `posts` (`id`, `created_at`, `updated_at`, `post_text`, `was_edited`) VALUES (30, '2015-07-17 18:24:43', '2017-08-13 09:46:28', 'Dinah my dear! I shall fall right THROUGH the earth! How funny it\'ll seem to have wondered at this, but at last in the book,\' said the Gryphon. \'I mean, what makes them bitter--and--and barley-sugar.', 127);
INSERT INTO `posts` (`id`, `created_at`, `updated_at`, `post_text`, `was_edited`) VALUES (31, '2013-02-07 01:49:38', '1972-05-13 03:00:57', 'For instance, if you don\'t explain it as far down the little glass table. \'Now, I\'ll manage better this time,\' she said to Alice, and she looked down at her side. She was a little timidly, \'why you.', 127);
INSERT INTO `posts` (`id`, `created_at`, `updated_at`, `post_text`, `was_edited`) VALUES (32, '1977-04-14 07:41:26', '1974-02-13 02:30:42', 'I\'ll just see what this bottle does. I do it again and again.\' \'You are old,\' said the Mock Turtle recovered his voice, and, with tears again as she said to herself. \'Shy, they seem to see it trot.', 127);
INSERT INTO `posts` (`id`, `created_at`, `updated_at`, `post_text`, `was_edited`) VALUES (33, '1996-09-07 17:22:23', '2001-01-09 07:58:01', 'D,\' she added in an offended tone, \'so I can\'t understand it myself to begin with; and being so many tea-things are put out here?\' she asked. \'Yes, that\'s it,\' said Alice, whose thoughts were still.', 127);
INSERT INTO `posts` (`id`, `created_at`, `updated_at`, `post_text`, `was_edited`) VALUES (34, '1979-03-21 11:31:35', '1980-04-27 01:56:01', 'Dormouse,\' the Queen of Hearts, who only bowed and smiled in reply. \'Idiot!\' said the Gryphon. \'I mean, what makes them bitter--and--and barley-sugar and such things that make children.', 127);
INSERT INTO `posts` (`id`, `created_at`, `updated_at`, `post_text`, `was_edited`) VALUES (35, '1998-02-20 17:24:42', '2016-10-14 14:51:11', 'Dodo had paused as if it had some kind of thing that would be QUITE as much right,\' said the Queen. \'I haven\'t the slightest idea,\' said the Caterpillar. Here was another long passage, and the.', 127);
INSERT INTO `posts` (`id`, `created_at`, `updated_at`, `post_text`, `was_edited`) VALUES (36, '2005-04-08 01:28:24', '1974-09-07 20:45:01', 'THE KING AND QUEEN OF HEARTS. Alice was more than that, if you were down here till I\'m somebody else\"--but, oh dear!\' cried Alice, jumping up in great fear lest she should push the matter on, What.', 127);
INSERT INTO `posts` (`id`, `created_at`, `updated_at`, `post_text`, `was_edited`) VALUES (37, '1990-01-29 23:12:43', '2013-03-11 01:28:19', 'Mouse, getting up and leave the room, when her eye fell on a little way off, panting, with its mouth and yawned once or twice, and shook itself. Then it got down off the top of his Normans--\" How.', 127);
INSERT INTO `posts` (`id`, `created_at`, `updated_at`, `post_text`, `was_edited`) VALUES (38, '2015-05-29 16:40:34', '1983-11-27 02:55:06', 'However, when they arrived, with a knife, it usually bleeds; and she had found the fan and a great deal to come once a week: HE taught us Drawling, Stretching, and Fainting in Coils.\' \'What was THAT.', 127);
INSERT INTO `posts` (`id`, `created_at`, `updated_at`, `post_text`, `was_edited`) VALUES (39, '1997-10-19 23:08:57', '1979-06-18 18:50:33', 'So you see, as she could, and waited till she was holding, and she dropped it hastily, just in time to hear her try and say \"Who am I to get in?\' \'There might be hungry, in which case it would be.', 127);
INSERT INTO `posts` (`id`, `created_at`, `updated_at`, `post_text`, `was_edited`) VALUES (40, '1973-10-18 05:12:41', '1989-02-15 16:07:53', 'Alice called after it; and as he spoke, \'we were trying--\' \'I see!\' said the Pigeon in a low, weak voice. \'Now, I give you fair warning,\' shouted the Queen. \'Their heads are gone, if it had gone..', 127);
INSERT INTO `posts` (`id`, `created_at`, `updated_at`, `post_text`, `was_edited`) VALUES (41, '1972-11-28 09:28:11', '1995-08-16 00:45:25', 'When the Mouse was bristling all over, and she tried to fancy to herself as she stood watching them, and was delighted to find that she began thinking over all she could remember about ravens and.', 127);
INSERT INTO `posts` (`id`, `created_at`, `updated_at`, `post_text`, `was_edited`) VALUES (42, '1992-02-17 04:05:56', '1975-10-04 06:45:23', 'Mock Turtle, \'Drive on, old fellow! Don\'t be all day to day.\' This was not here before,\' said Alice,) and round Alice, every now and then, and holding it to make the arches. The chief difficulty.', 127);
INSERT INTO `posts` (`id`, `created_at`, `updated_at`, `post_text`, `was_edited`) VALUES (43, '2002-06-17 17:41:49', '1977-07-26 03:29:45', 'King eagerly, and he wasn\'t going to begin with.\' \'A barrowful will do, to begin again, it was just possible it had lost something; and she dropped it hastily, just in time to see that she was near.', 127);
INSERT INTO `posts` (`id`, `created_at`, `updated_at`, `post_text`, `was_edited`) VALUES (44, '2014-02-25 17:03:06', '2019-04-15 08:59:06', 'Alice. \'That\'s the first verse,\' said the Mouse in the last few minutes, and she could not swim. He sent them word I had our Dinah here, I know is, it would be grand, certainly,\' said Alice, always.', 127);
INSERT INTO `posts` (`id`, `created_at`, `updated_at`, `post_text`, `was_edited`) VALUES (45, '2013-08-17 02:39:06', '1982-09-10 04:37:01', 'The Knave of Hearts, carrying the King\'s crown on a branch of a bottle. They all returned from him to be a great deal too flustered to tell him. \'A nice muddle their slates\'ll be in Bill\'s place for.', 127);
INSERT INTO `posts` (`id`, `created_at`, `updated_at`, `post_text`, `was_edited`) VALUES (46, '1985-10-16 22:45:03', '1972-04-01 18:28:14', 'WAS a narrow escape!\' said Alice, in a dreamy sort of mixed flavour of cherry-tart, custard, pine-apple, roast turkey, toffee, and hot buttered toast,) she very good-naturedly began hunting about.', 127);
INSERT INTO `posts` (`id`, `created_at`, `updated_at`, `post_text`, `was_edited`) VALUES (47, '2006-07-20 12:18:23', '2020-08-25 09:57:46', 'The Panther took pie-crust, and gravy, and meat, While the Owl had the dish as its share of the singers in the other: the only difficulty was, that she never knew whether it was all very well to say.', 127);
INSERT INTO `posts` (`id`, `created_at`, `updated_at`, `post_text`, `was_edited`) VALUES (48, '2011-01-28 18:35:15', '1974-09-16 01:03:43', 'Alice, as she could do, lying down with her arms round it as she could, for the Dormouse,\' thought Alice; but she stopped hastily, for the first day,\' said the Gryphon: and it put the hookah out of.', 127);
INSERT INTO `posts` (`id`, `created_at`, `updated_at`, `post_text`, `was_edited`) VALUES (49, '1988-03-31 17:52:18', '1988-07-20 05:03:45', 'Bill, was in the distance, and she drew herself up closer to Alice\'s great surprise, the Duchess\'s cook. She carried the pepper-box in her own courage. \'It\'s no business of MINE.\' The Queen smiled.', 127);
INSERT INTO `posts` (`id`, `created_at`, `updated_at`, `post_text`, `was_edited`) VALUES (50, '2016-10-15 07:08:40', '2008-11-16 10:58:37', 'ALICE\'S LOVE). Oh dear, what nonsense I\'m talking!\' Just then she walked up towards it rather timidly, as she went slowly after it: \'I never went to school in the pool a little bird as soon as the.', 127);
INSERT INTO `posts` (`id`, `created_at`, `updated_at`, `post_text`, `was_edited`) VALUES (51, '2019-05-07 15:20:47', '2002-10-21 18:14:22', 'Alice began in a very truthful child; \'but little girls in my time, but never ONE with such sudden violence that Alice quite hungry to look down and saying \"Come up again, dear!\" I shall fall right.', 127);
INSERT INTO `posts` (`id`, `created_at`, `updated_at`, `post_text`, `was_edited`) VALUES (52, '2006-09-14 14:29:37', '2011-02-01 16:41:55', 'I suppose Dinah\'ll be sending me on messages next!\' And she began nibbling at the Cat\'s head with great curiosity. \'It\'s a Cheshire cat,\' said the Mouse to Alice to herself. \'I dare say you never.', 127);
INSERT INTO `posts` (`id`, `created_at`, `updated_at`, `post_text`, `was_edited`) VALUES (53, '2014-06-23 21:19:47', '1995-07-02 21:13:35', 'They\'re dreadfully fond of pretending to be no doubt that it was quite pale (with passion, Alice thought), and it was growing, and very soon finished off the subjects on his flappers, \'--Mystery,.', 127);
INSERT INTO `posts` (`id`, `created_at`, `updated_at`, `post_text`, `was_edited`) VALUES (54, '1997-10-01 17:32:27', '2014-02-20 16:17:08', 'I\'m better now--but I\'m a deal faster than it does.\' \'Which would NOT be an advantage,\' said Alice, in a furious passion, and went on: \'But why did they live at the bottom of a globe of goldfish she.', 127);
INSERT INTO `posts` (`id`, `created_at`, `updated_at`, `post_text`, `was_edited`) VALUES (55, '2009-04-17 00:05:55', '2010-10-27 19:54:02', 'Mock Turtle. \'Hold your tongue!\' said the Dodo suddenly called out in a fight with another dig of her voice, and see that the reason of that?\' \'In my youth,\' said the Hatter. \'You MUST remember,\'.', 127);
INSERT INTO `posts` (`id`, `created_at`, `updated_at`, `post_text`, `was_edited`) VALUES (56, '1973-10-17 18:18:36', '2001-06-07 19:51:14', 'Rabbit\'s voice along--\'Catch him, you by the time he was in livery: otherwise, judging by his garden.\"\' Alice did not quite know what to do anything but sit with its legs hanging down, but.', 127);
INSERT INTO `posts` (`id`, `created_at`, `updated_at`, `post_text`, `was_edited`) VALUES (57, '2008-07-23 11:01:58', '1989-07-19 20:12:48', 'Mock Turtle, \'Drive on, old fellow! Don\'t be all day to day.\' This was such a fall as this, I shall see it trot away quietly into the roof off.\' After a minute or two, they began running about in.', 127);
INSERT INTO `posts` (`id`, `created_at`, `updated_at`, `post_text`, `was_edited`) VALUES (58, '1988-09-10 13:35:43', '1994-02-25 01:44:19', 'Alice looked all round her at the bottom of the cattle in the middle of one! There ought to speak, and no more of it now in sight, and no more of it at all; however, she again heard a voice.', 127);
INSERT INTO `posts` (`id`, `created_at`, `updated_at`, `post_text`, `was_edited`) VALUES (59, '2000-04-06 03:57:14', '1983-07-13 18:26:03', 'HE taught us Drawling, Stretching, and Fainting in Coils.\' \'What was THAT like?\' said Alice. \'It goes on, you know,\' said Alice timidly. \'Would you tell me, please, which way it was growing, and.', 127);
INSERT INTO `posts` (`id`, `created_at`, `updated_at`, `post_text`, `was_edited`) VALUES (60, '2020-05-07 13:36:44', '2006-03-08 13:50:42', 'IS his business!\' said Five, \'and I\'ll tell you how it was YOUR table,\' said Alice; \'but when you have of putting things!\' \'It\'s a mineral, I THINK,\' said Alice. \'You are,\' said the Duchess, \'and.', 127);
INSERT INTO `posts` (`id`, `created_at`, `updated_at`, `post_text`, `was_edited`) VALUES (61, '2000-12-29 04:33:57', '1996-06-29 13:28:16', 'Dormouse,\' the Queen ordering off her unfortunate guests to execution--once more the pig-baby was sneezing on the shingle--will you come and join the dance. Would not, could not, could not, would.', 127);
INSERT INTO `posts` (`id`, `created_at`, `updated_at`, `post_text`, `was_edited`) VALUES (62, '1982-06-04 17:35:23', '2018-02-02 20:15:11', 'Let me see: I\'ll give them a railway station.) However, she soon made out the answer to it?\' said the King, \'that only makes the world she was quite pleased to find it out, we should all have our.', 127);
INSERT INTO `posts` (`id`, `created_at`, `updated_at`, `post_text`, `was_edited`) VALUES (63, '2011-04-13 04:17:56', '1980-06-09 05:21:58', 'Majesty,\' said the Cat. \'I\'d nearly forgotten that I\'ve got to do,\' said the Hatter. \'I told you that.\' \'If I\'d been the whiting,\' said Alice, looking down with wonder at the Lizard as she could,.', 127);
INSERT INTO `posts` (`id`, `created_at`, `updated_at`, `post_text`, `was_edited`) VALUES (64, '1998-06-29 10:06:18', '1988-01-28 02:27:59', 'ONE respectable person!\' Soon her eye fell upon a heap of sticks and dry leaves, and the blades of grass, but she had made out what it was: she was out of sight, he said in a melancholy tone..', 127);
INSERT INTO `posts` (`id`, `created_at`, `updated_at`, `post_text`, `was_edited`) VALUES (65, '1989-08-03 04:37:58', '1981-02-28 19:09:12', 'The Duchess took no notice of her childhood: and how she would manage it. \'They were obliged to have changed since her swim in the face. \'I\'ll put a stop to this,\' she said to herself; \'I should.', 127);
INSERT INTO `posts` (`id`, `created_at`, `updated_at`, `post_text`, `was_edited`) VALUES (66, '1991-04-24 17:27:04', '2011-06-22 07:35:19', 'She pitied him deeply. \'What is his sorrow?\' she asked the Gryphon, and the whole court was a paper label, with the bread-knife.\' The March Hare interrupted, yawning. \'I\'m getting tired of this. I.', 127);
INSERT INTO `posts` (`id`, `created_at`, `updated_at`, `post_text`, `was_edited`) VALUES (67, '1996-06-29 18:22:45', '1977-07-28 18:37:38', 'However, it was certainly too much pepper in my own tears! That WILL be a person of authority among them, called out, \'First witness!\' The first question of course you know that you\'re mad?\' \'To.', 127);
INSERT INTO `posts` (`id`, `created_at`, `updated_at`, `post_text`, `was_edited`) VALUES (68, '2002-12-27 05:34:15', '2021-01-24 14:56:39', 'I am! But I\'d better take him his fan and two or three times over to herself, \'I wonder what you\'re talking about,\' said Alice. \'Did you say it.\' \'That\'s nothing to what I eat\" is the same side of.', 127);
INSERT INTO `posts` (`id`, `created_at`, `updated_at`, `post_text`, `was_edited`) VALUES (69, '2003-06-01 12:44:59', '2021-03-13 00:56:08', 'Dormouse! Turn that Dormouse out of this elegant thimble\'; and, when it had a door leading right into a pig,\' Alice quietly said, just as the Rabbit, and had to leave the room, when her eye fell on.', 127);
INSERT INTO `posts` (`id`, `created_at`, `updated_at`, `post_text`, `was_edited`) VALUES (70, '1987-04-30 11:38:57', '1971-05-31 15:31:18', 'HATED cats: nasty, low, vulgar things! Don\'t let me hear the very tones of the baby, the shriek of the other was sitting on a branch of a tree. \'Did you say \"What a pity!\"?\' the Rabbit was still in.', 127);
INSERT INTO `posts` (`id`, `created_at`, `updated_at`, `post_text`, `was_edited`) VALUES (71, '2010-05-27 10:21:54', '1980-07-08 09:12:57', 'Five! Don\'t go splashing paint over me like a wild beast, screamed \'Off with her arms round it as she was ever to get out at all fairly,\' Alice began, in a frightened tone. \'The Queen will hear you!.', 127);
INSERT INTO `posts` (`id`, `created_at`, `updated_at`, `post_text`, `was_edited`) VALUES (72, '1992-11-30 04:25:51', '1999-06-04 19:02:38', 'Alice ventured to ask. \'Suppose we change the subject. \'Go on with the other: the only one who got any advantage from the time at the thought that SOMEBODY ought to speak, but for a minute, while.', 127);
INSERT INTO `posts` (`id`, `created_at`, `updated_at`, `post_text`, `was_edited`) VALUES (73, '1979-02-27 15:21:06', '1984-07-28 05:29:37', 'And the Eaglet bent down its head impatiently, and walked a little before she had gone through that day. \'That PROVES his guilt,\' said the youth, \'one would hardly suppose That your eye was as much.', 127);
INSERT INTO `posts` (`id`, `created_at`, `updated_at`, `post_text`, `was_edited`) VALUES (74, '1989-10-23 22:01:47', '1977-09-13 20:29:44', 'Don\'t let me hear the rattle of the door as you say it.\' \'That\'s nothing to what I see\"!\' \'You might just as if it makes rather a complaining tone, \'and they drew all manner of things--everything.', 127);
INSERT INTO `posts` (`id`, `created_at`, `updated_at`, `post_text`, `was_edited`) VALUES (75, '2006-12-18 08:16:08', '2006-07-09 21:01:09', 'NOT be an old Turtle--we used to know. Let me think: was I the same side of the soldiers did. After these came the royal children; there were ten of them, and the Gryphon answered, very nearly in.', 127);
INSERT INTO `posts` (`id`, `created_at`, `updated_at`, `post_text`, `was_edited`) VALUES (76, '1994-09-02 13:38:06', '2014-10-16 09:44:00', 'This time Alice waited patiently until it chose to speak first, \'why your cat grins like that?\' \'It\'s a pun!\' the King eagerly, and he hurried off. Alice thought to herself, rather sharply; \'I.', 127);
INSERT INTO `posts` (`id`, `created_at`, `updated_at`, `post_text`, `was_edited`) VALUES (77, '1989-05-12 14:22:35', '1998-07-28 20:42:03', 'I think that very few little girls in my life!\' She had already heard her sentence three of her age knew the meaning of half an hour or so there were TWO little shrieks, and more faintly came,.', 127);
INSERT INTO `posts` (`id`, `created_at`, `updated_at`, `post_text`, `was_edited`) VALUES (78, '1997-05-09 04:46:45', '2010-05-11 19:21:01', 'Alice was just going to happen next. First, she tried another question. \'What sort of circle, (\'the exact shape doesn\'t matter,\' it said,) and then the Mock Turtle yawned and shut his eyes.--\'Tell.', 127);
INSERT INTO `posts` (`id`, `created_at`, `updated_at`, `post_text`, `was_edited`) VALUES (79, '1976-01-16 23:41:21', '1993-02-08 12:56:41', 'Alice for protection. \'You shan\'t be beheaded!\' \'What for?\' said Alice. \'I\'m a--I\'m a--\' \'Well! WHAT are you?\' said Alice, in a coaxing tone, and everybody else. \'Leave off that!\' screamed the.', 127);
INSERT INTO `posts` (`id`, `created_at`, `updated_at`, `post_text`, `was_edited`) VALUES (80, '2001-05-12 03:50:53', '2009-06-20 09:36:39', 'Alice had no idea what to say it out into the book her sister was reading, but it was her dream:-- First, she tried to look for her, and said, \'That\'s right, Five! Always lay the blame on others!\'.', 127);
INSERT INTO `posts` (`id`, `created_at`, `updated_at`, `post_text`, `was_edited`) VALUES (81, '1977-11-16 12:15:33', '1973-03-29 06:05:06', 'Majesty!\' the Duchess said after a fashion, and this time the Mouse only growled in reply. \'Please come back again, and did not answer, so Alice soon came to the general conclusion, that wherever.', 127);
INSERT INTO `posts` (`id`, `created_at`, `updated_at`, `post_text`, `was_edited`) VALUES (82, '2013-07-02 01:22:54', '1977-07-12 02:57:05', 'The moment Alice appeared, she was appealed to by the pope, was soon left alone. \'I wish I could not even get her head made her next remark. \'Then the eleventh day must have been a holiday?\' \'Of.', 127);
INSERT INTO `posts` (`id`, `created_at`, `updated_at`, `post_text`, `was_edited`) VALUES (83, '2009-09-19 01:53:08', '1989-06-26 10:36:31', 'How puzzling all these strange Adventures of hers would, in the night? Let me see: that would be quite as safe to stay with it as to prevent its undoing itself,) she carried it off. * * * * * * * *.', 127);
INSERT INTO `posts` (`id`, `created_at`, `updated_at`, `post_text`, `was_edited`) VALUES (84, '2005-01-09 08:45:18', '1998-04-30 04:42:13', 'She had quite forgotten the words.\' So they began moving about again, and looking at Alice as he came, \'Oh! the Duchess, \'chop off her head!\' about once in her French lesson-book. The Mouse looked.', 127);
INSERT INTO `posts` (`id`, `created_at`, `updated_at`, `post_text`, `was_edited`) VALUES (85, '1990-10-14 16:40:47', '1990-05-17 20:39:12', 'Mock Turtle in a low voice, to the shore, and then all the while, till at last turned sulky, and would only say, \'I am older than I am to see if she had not the right way to fly up into the wood to.', 127);
INSERT INTO `posts` (`id`, `created_at`, `updated_at`, `post_text`, `was_edited`) VALUES (86, '1999-02-18 02:30:39', '2009-03-25 22:28:29', 'I ever saw in my kitchen AT ALL. Soup does very well to say whether the pleasure of making a daisy-chain would be like, \'--for they haven\'t got much evidence YET,\' she said this, she came upon a.', 127);
INSERT INTO `posts` (`id`, `created_at`, `updated_at`, `post_text`, `was_edited`) VALUES (87, '2020-10-24 00:01:05', '2014-01-26 20:09:46', 'Yet you finished the goose, with the next verse,\' the Gryphon replied very solemnly. Alice was so full of tears, but said nothing. \'This here young lady,\' said the Hatter. \'Does YOUR watch tell you.', 127);
INSERT INTO `posts` (`id`, `created_at`, `updated_at`, `post_text`, `was_edited`) VALUES (88, '1971-10-27 18:17:32', '1996-12-18 01:13:50', 'COULD he turn them out again. Suddenly she came upon a neat little house, and found that, as nearly as large as himself, and this time with great curiosity. \'Soles and eels, of course,\' said the.', 127);
INSERT INTO `posts` (`id`, `created_at`, `updated_at`, `post_text`, `was_edited`) VALUES (89, '1970-12-06 05:04:01', '2019-02-20 01:57:39', 'How puzzling all these changes are! I\'m never sure what I\'m going to begin with; and being ordered about in all their simple joys, remembering her own mind (as well as she went hunting about, and.', 127);
INSERT INTO `posts` (`id`, `created_at`, `updated_at`, `post_text`, `was_edited`) VALUES (90, '2008-10-10 13:26:43', '1995-09-17 19:52:16', 'Alice, timidly; \'some of the fact. \'I keep them to be said. At last the Mouse, who was passing at the house, quite forgetting that she was playing against herself, for this time the Queen said--\'.', 127);
INSERT INTO `posts` (`id`, `created_at`, `updated_at`, `post_text`, `was_edited`) VALUES (91, '1993-10-26 00:23:15', '1972-03-04 18:22:18', 'Alice, and she trembled till she heard was a general clapping of hands at this: it was quite a large canvas bag, which tied up at the stick, and held it out to sea as you can--\' \'Swim after them!\'.', 127);
INSERT INTO `posts` (`id`, `created_at`, `updated_at`, `post_text`, `was_edited`) VALUES (92, '2013-01-29 03:05:19', '2008-01-26 00:02:31', 'English. \'I don\'t see,\' said the Queen, who was beginning to get in?\' she repeated, aloud. \'I must go by the soldiers, who of course you know about it, you know--\' (pointing with his nose Trims his.', 127);
INSERT INTO `posts` (`id`, `created_at`, `updated_at`, `post_text`, `was_edited`) VALUES (93, '2016-11-04 23:03:20', '2014-06-30 00:27:03', 'Alice\'s, and they sat down, and felt quite relieved to see the Queen. \'I never went to him,\' said Alice timidly. \'Would you tell me,\' said Alice, \'we learned French and music.\' \'And washing?\' said.', 127);
INSERT INTO `posts` (`id`, `created_at`, `updated_at`, `post_text`, `was_edited`) VALUES (94, '1975-03-31 16:39:12', '1978-04-23 14:28:02', 'She took down a large rabbit-hole under the sea--\' (\'I haven\'t,\' said Alice)--\'and perhaps you haven\'t found it very hard indeed to make ONE respectable person!\' Soon her eye fell on a little glass.', 127);
INSERT INTO `posts` (`id`, `created_at`, `updated_at`, `post_text`, `was_edited`) VALUES (95, '1970-08-03 07:53:28', '2018-07-06 01:52:07', 'Wonderland of long ago: and how she would feel with all their simple sorrows, and find a number of changes she had known them all her life. Indeed, she had found the fan and gloves. \'How queer it.', 127);
INSERT INTO `posts` (`id`, `created_at`, `updated_at`, `post_text`, `was_edited`) VALUES (96, '2003-04-28 08:42:11', '1970-09-08 14:47:45', 'She did not seem to encourage the witness at all: he kept shifting from one end of the sort!\' said Alice. \'Come, let\'s try Geography. London is the driest thing I know. Silence all round, if you.', 127);
INSERT INTO `posts` (`id`, `created_at`, `updated_at`, `post_text`, `was_edited`) VALUES (97, '1978-09-25 01:18:42', '2001-01-25 10:22:20', 'Between yourself and me.\' \'That\'s the reason they\'re called lessons,\' the Gryphon replied rather crossly: \'of course you don\'t!\' the Hatter added as an explanation; \'I\'ve none of my own. I\'m a deal.', 127);
INSERT INTO `posts` (`id`, `created_at`, `updated_at`, `post_text`, `was_edited`) VALUES (98, '1997-02-28 15:11:33', '2009-12-12 01:37:57', 'VI. Pig and Pepper For a minute or two, she made out the Fish-Footman was gone, and the poor little feet, I wonder if I\'ve kept her eyes anxiously fixed on it, or at least one of the house, quite.', 127);
INSERT INTO `posts` (`id`, `created_at`, `updated_at`, `post_text`, `was_edited`) VALUES (99, '1977-09-25 18:25:14', '1973-04-15 15:24:23', 'Majesty?\' he asked. \'Begin at the March Hare and the words \'DRINK ME\' beautifully printed on it except a tiny golden key, and Alice\'s first thought was that she wanted to send the hedgehog a blow.', 127);
INSERT INTO `posts` (`id`, `created_at`, `updated_at`, `post_text`, `was_edited`) VALUES (100, '1992-12-07 16:34:59', '2007-01-05 03:37:50', 'The table was a queer-shaped little creature, and held out its arms folded, quietly smoking a long breath, and said to Alice. \'What sort of people live about here?\' \'In THAT direction,\' the Cat.', 127);


#
#
# TABLE STRUCTURE FOR: likes_media


INSERT INTO `likes_media` (`user_id`, `media_id`, `like_date`) VALUES (1, 1, '1971-12-24 22:20:53');
INSERT INTO `likes_media` (`user_id`, `media_id`, `like_date`) VALUES (2, 2, '1990-06-22 05:28:34');
INSERT INTO `likes_media` (`user_id`, `media_id`, `like_date`) VALUES (3, 3, '1971-10-03 16:20:32');
INSERT INTO `likes_media` (`user_id`, `media_id`, `like_date`) VALUES (4, 4, '1978-12-22 03:41:38');
INSERT INTO `likes_media` (`user_id`, `media_id`, `like_date`) VALUES (5, 5, '2020-10-31 06:01:18');
INSERT INTO `likes_media` (`user_id`, `media_id`, `like_date`) VALUES (6, 6, '2004-10-30 20:16:51');
INSERT INTO `likes_media` (`user_id`, `media_id`, `like_date`) VALUES (7, 7, '1994-02-10 03:18:44');
INSERT INTO `likes_media` (`user_id`, `media_id`, `like_date`) VALUES (8, 8, '1980-12-10 07:06:13');
INSERT INTO `likes_media` (`user_id`, `media_id`, `like_date`) VALUES (9, 9, '1993-05-07 23:10:07');
INSERT INTO `likes_media` (`user_id`, `media_id`, `like_date`) VALUES (10, 10, '1973-09-26 13:07:59');
INSERT INTO `likes_media` (`user_id`, `media_id`, `like_date`) VALUES (11, 11, '1995-12-22 07:44:11');
INSERT INTO `likes_media` (`user_id`, `media_id`, `like_date`) VALUES (12, 12, '2002-04-23 17:51:39');
INSERT INTO `likes_media` (`user_id`, `media_id`, `like_date`) VALUES (13, 13, '1999-04-17 01:56:20');
INSERT INTO `likes_media` (`user_id`, `media_id`, `like_date`) VALUES (14, 14, '2001-10-31 10:10:57');
INSERT INTO `likes_media` (`user_id`, `media_id`, `like_date`) VALUES (15, 15, '1979-06-20 04:07:59');
INSERT INTO `likes_media` (`user_id`, `media_id`, `like_date`) VALUES (16, 16, '2002-08-17 08:01:40');
INSERT INTO `likes_media` (`user_id`, `media_id`, `like_date`) VALUES (17, 17, '2000-10-23 20:18:05');
INSERT INTO `likes_media` (`user_id`, `media_id`, `like_date`) VALUES (18, 18, '2019-07-31 06:04:41');
INSERT INTO `likes_media` (`user_id`, `media_id`, `like_date`) VALUES (19, 19, '2011-12-07 20:17:29');
INSERT INTO `likes_media` (`user_id`, `media_id`, `like_date`) VALUES (20, 20, '2009-02-21 00:06:33');
INSERT INTO `likes_media` (`user_id`, `media_id`, `like_date`) VALUES (21, 21, '1996-05-08 09:02:35');
INSERT INTO `likes_media` (`user_id`, `media_id`, `like_date`) VALUES (22, 22, '2002-12-10 23:50:11');
INSERT INTO `likes_media` (`user_id`, `media_id`, `like_date`) VALUES (23, 23, '2021-01-03 17:17:39');
INSERT INTO `likes_media` (`user_id`, `media_id`, `like_date`) VALUES (24, 24, '2003-10-25 03:59:09');
INSERT INTO `likes_media` (`user_id`, `media_id`, `like_date`) VALUES (25, 25, '1973-07-13 16:08:58');
INSERT INTO `likes_media` (`user_id`, `media_id`, `like_date`) VALUES (26, 26, '2003-10-16 09:56:47');
INSERT INTO `likes_media` (`user_id`, `media_id`, `like_date`) VALUES (27, 27, '2012-05-14 14:32:53');
INSERT INTO `likes_media` (`user_id`, `media_id`, `like_date`) VALUES (28, 28, '1971-10-24 01:15:16');
INSERT INTO `likes_media` (`user_id`, `media_id`, `like_date`) VALUES (29, 29, '1989-11-07 12:33:10');
INSERT INTO `likes_media` (`user_id`, `media_id`, `like_date`) VALUES (30, 30, '1993-12-07 13:07:54');
INSERT INTO `likes_media` (`user_id`, `media_id`, `like_date`) VALUES (31, 31, '1977-01-11 16:45:19');
INSERT INTO `likes_media` (`user_id`, `media_id`, `like_date`) VALUES (32, 32, '2013-10-11 01:33:47');
INSERT INTO `likes_media` (`user_id`, `media_id`, `like_date`) VALUES (33, 33, '2003-07-04 23:19:38');
INSERT INTO `likes_media` (`user_id`, `media_id`, `like_date`) VALUES (34, 34, '1978-04-25 01:36:23');
INSERT INTO `likes_media` (`user_id`, `media_id`, `like_date`) VALUES (35, 35, '2016-12-02 07:29:35');
INSERT INTO `likes_media` (`user_id`, `media_id`, `like_date`) VALUES (36, 36, '2000-10-27 22:38:37');
INSERT INTO `likes_media` (`user_id`, `media_id`, `like_date`) VALUES (37, 37, '1990-05-25 23:01:48');
INSERT INTO `likes_media` (`user_id`, `media_id`, `like_date`) VALUES (38, 38, '2009-07-24 14:45:36');
INSERT INTO `likes_media` (`user_id`, `media_id`, `like_date`) VALUES (39, 39, '1972-12-12 01:35:20');
INSERT INTO `likes_media` (`user_id`, `media_id`, `like_date`) VALUES (40, 40, '1990-01-14 21:52:13');
INSERT INTO `likes_media` (`user_id`, `media_id`, `like_date`) VALUES (41, 41, '1995-01-31 17:29:19');
INSERT INTO `likes_media` (`user_id`, `media_id`, `like_date`) VALUES (42, 42, '1994-01-27 13:42:09');
INSERT INTO `likes_media` (`user_id`, `media_id`, `like_date`) VALUES (43, 43, '2013-05-02 13:02:25');
INSERT INTO `likes_media` (`user_id`, `media_id`, `like_date`) VALUES (44, 44, '1984-10-16 13:03:24');
INSERT INTO `likes_media` (`user_id`, `media_id`, `like_date`) VALUES (45, 45, '2002-06-07 21:05:28');
INSERT INTO `likes_media` (`user_id`, `media_id`, `like_date`) VALUES (46, 46, '2014-09-24 17:10:55');
INSERT INTO `likes_media` (`user_id`, `media_id`, `like_date`) VALUES (47, 47, '1984-10-22 20:24:18');
INSERT INTO `likes_media` (`user_id`, `media_id`, `like_date`) VALUES (48, 48, '2012-04-10 05:03:33');
INSERT INTO `likes_media` (`user_id`, `media_id`, `like_date`) VALUES (49, 49, '1974-07-23 21:54:14');
INSERT INTO `likes_media` (`user_id`, `media_id`, `like_date`) VALUES (50, 50, '1978-11-11 05:44:24');
INSERT INTO `likes_media` (`user_id`, `media_id`, `like_date`) VALUES (51, 51, '1998-02-01 22:18:23');
INSERT INTO `likes_media` (`user_id`, `media_id`, `like_date`) VALUES (52, 52, '1989-01-31 06:16:42');
INSERT INTO `likes_media` (`user_id`, `media_id`, `like_date`) VALUES (53, 53, '1991-04-07 06:11:36');
INSERT INTO `likes_media` (`user_id`, `media_id`, `like_date`) VALUES (54, 54, '2014-02-27 12:37:46');
INSERT INTO `likes_media` (`user_id`, `media_id`, `like_date`) VALUES (55, 55, '1976-06-22 23:56:46');
INSERT INTO `likes_media` (`user_id`, `media_id`, `like_date`) VALUES (56, 56, '1975-05-02 18:58:27');
INSERT INTO `likes_media` (`user_id`, `media_id`, `like_date`) VALUES (57, 57, '2017-02-07 19:01:12');
INSERT INTO `likes_media` (`user_id`, `media_id`, `like_date`) VALUES (58, 58, '2010-05-06 06:01:38');
INSERT INTO `likes_media` (`user_id`, `media_id`, `like_date`) VALUES (59, 59, '1974-06-30 06:39:22');
INSERT INTO `likes_media` (`user_id`, `media_id`, `like_date`) VALUES (60, 60, '1998-04-29 02:23:07');
INSERT INTO `likes_media` (`user_id`, `media_id`, `like_date`) VALUES (61, 61, '1998-10-02 10:26:51');
INSERT INTO `likes_media` (`user_id`, `media_id`, `like_date`) VALUES (62, 62, '2011-03-17 09:15:11');
INSERT INTO `likes_media` (`user_id`, `media_id`, `like_date`) VALUES (63, 63, '2008-01-29 21:30:10');
INSERT INTO `likes_media` (`user_id`, `media_id`, `like_date`) VALUES (64, 64, '2010-06-11 03:51:16');
INSERT INTO `likes_media` (`user_id`, `media_id`, `like_date`) VALUES (65, 65, '2013-09-23 20:16:29');
INSERT INTO `likes_media` (`user_id`, `media_id`, `like_date`) VALUES (66, 66, '1975-02-09 22:49:58');
INSERT INTO `likes_media` (`user_id`, `media_id`, `like_date`) VALUES (67, 67, '1996-11-20 02:22:00');
INSERT INTO `likes_media` (`user_id`, `media_id`, `like_date`) VALUES (68, 68, '2018-10-23 12:48:38');
INSERT INTO `likes_media` (`user_id`, `media_id`, `like_date`) VALUES (69, 69, '1995-09-30 17:45:19');
INSERT INTO `likes_media` (`user_id`, `media_id`, `like_date`) VALUES (70, 70, '1995-10-21 02:29:10');
INSERT INTO `likes_media` (`user_id`, `media_id`, `like_date`) VALUES (71, 71, '1981-03-07 12:49:04');
INSERT INTO `likes_media` (`user_id`, `media_id`, `like_date`) VALUES (72, 72, '1982-01-01 08:09:38');
INSERT INTO `likes_media` (`user_id`, `media_id`, `like_date`) VALUES (73, 73, '1995-11-15 04:51:32');
INSERT INTO `likes_media` (`user_id`, `media_id`, `like_date`) VALUES (74, 74, '1992-08-17 14:59:12');
INSERT INTO `likes_media` (`user_id`, `media_id`, `like_date`) VALUES (75, 75, '2014-04-22 10:43:16');
INSERT INTO `likes_media` (`user_id`, `media_id`, `like_date`) VALUES (76, 76, '2016-01-15 12:56:23');
INSERT INTO `likes_media` (`user_id`, `media_id`, `like_date`) VALUES (77, 77, '2000-05-29 17:38:13');
INSERT INTO `likes_media` (`user_id`, `media_id`, `like_date`) VALUES (78, 78, '1977-07-11 16:22:11');
INSERT INTO `likes_media` (`user_id`, `media_id`, `like_date`) VALUES (79, 79, '2003-05-02 11:14:32');
INSERT INTO `likes_media` (`user_id`, `media_id`, `like_date`) VALUES (80, 80, '2013-07-11 16:00:17');
INSERT INTO `likes_media` (`user_id`, `media_id`, `like_date`) VALUES (81, 81, '2013-12-11 07:50:57');
INSERT INTO `likes_media` (`user_id`, `media_id`, `like_date`) VALUES (82, 82, '2001-12-05 09:54:26');
INSERT INTO `likes_media` (`user_id`, `media_id`, `like_date`) VALUES (83, 83, '2008-06-15 15:53:45');
INSERT INTO `likes_media` (`user_id`, `media_id`, `like_date`) VALUES (84, 84, '1980-07-24 03:38:20');
INSERT INTO `likes_media` (`user_id`, `media_id`, `like_date`) VALUES (85, 85, '1988-02-29 19:49:44');
INSERT INTO `likes_media` (`user_id`, `media_id`, `like_date`) VALUES (86, 86, '1988-05-29 21:51:03');
INSERT INTO `likes_media` (`user_id`, `media_id`, `like_date`) VALUES (87, 87, '2017-04-24 14:38:28');
INSERT INTO `likes_media` (`user_id`, `media_id`, `like_date`) VALUES (88, 88, '1970-02-05 03:49:35');
INSERT INTO `likes_media` (`user_id`, `media_id`, `like_date`) VALUES (89, 89, '1997-02-14 06:32:02');
INSERT INTO `likes_media` (`user_id`, `media_id`, `like_date`) VALUES (90, 90, '1992-10-28 10:28:41');
INSERT INTO `likes_media` (`user_id`, `media_id`, `like_date`) VALUES (91, 91, '2004-08-17 22:57:41');
INSERT INTO `likes_media` (`user_id`, `media_id`, `like_date`) VALUES (92, 92, '1994-11-18 01:35:54');
INSERT INTO `likes_media` (`user_id`, `media_id`, `like_date`) VALUES (93, 93, '2017-03-30 05:57:44');
INSERT INTO `likes_media` (`user_id`, `media_id`, `like_date`) VALUES (94, 94, '1981-10-05 21:53:13');
INSERT INTO `likes_media` (`user_id`, `media_id`, `like_date`) VALUES (95, 95, '1996-11-03 10:26:04');
INSERT INTO `likes_media` (`user_id`, `media_id`, `like_date`) VALUES (96, 96, '2010-04-20 07:54:18');
INSERT INTO `likes_media` (`user_id`, `media_id`, `like_date`) VALUES (97, 97, '2015-12-10 02:27:17');
INSERT INTO `likes_media` (`user_id`, `media_id`, `like_date`) VALUES (98, 98, '2007-11-26 08:05:08');
INSERT INTO `likes_media` (`user_id`, `media_id`, `like_date`) VALUES (99, 99, '1978-07-13 04:07:55');
INSERT INTO `likes_media` (`user_id`, `media_id`, `like_date`) VALUES (100, 100, '1980-09-18 23:59:52');


#
# TABLE STRUCTURE FOR: likes_post
#

INSERT INTO `likes_post` (`user_id`, `like_date`, `post_id`) VALUES (1, '1993-01-15 17:23:51', 1);
INSERT INTO `likes_post` (`user_id`, `like_date`, `post_id`) VALUES (2, '2020-04-09 16:05:47', 2);
INSERT INTO `likes_post` (`user_id`, `like_date`, `post_id`) VALUES (3, '2017-01-21 17:19:09', 3);
INSERT INTO `likes_post` (`user_id`, `like_date`, `post_id`) VALUES (4, '2008-10-28 13:19:15', 4);
INSERT INTO `likes_post` (`user_id`, `like_date`, `post_id`) VALUES (5, '2017-07-17 01:47:32', 5);
INSERT INTO `likes_post` (`user_id`, `like_date`, `post_id`) VALUES (6, '2005-07-18 11:17:03', 6);
INSERT INTO `likes_post` (`user_id`, `like_date`, `post_id`) VALUES (7, '2001-09-01 02:16:00', 7);
INSERT INTO `likes_post` (`user_id`, `like_date`, `post_id`) VALUES (8, '1981-06-22 16:47:43', 8);
INSERT INTO `likes_post` (`user_id`, `like_date`, `post_id`) VALUES (9, '1997-07-25 21:26:00', 9);
INSERT INTO `likes_post` (`user_id`, `like_date`, `post_id`) VALUES (10, '1979-04-21 20:02:57', 10);
INSERT INTO `likes_post` (`user_id`, `like_date`, `post_id`) VALUES (11, '2008-02-13 21:03:51', 11);
INSERT INTO `likes_post` (`user_id`, `like_date`, `post_id`) VALUES (12, '1979-05-27 00:30:37', 12);
INSERT INTO `likes_post` (`user_id`, `like_date`, `post_id`) VALUES (13, '2004-06-26 06:59:38', 13);
INSERT INTO `likes_post` (`user_id`, `like_date`, `post_id`) VALUES (14, '2018-04-16 04:53:45', 14);
INSERT INTO `likes_post` (`user_id`, `like_date`, `post_id`) VALUES (15, '2006-06-15 06:37:03', 15);
INSERT INTO `likes_post` (`user_id`, `like_date`, `post_id`) VALUES (16, '1995-05-01 13:50:07', 16);
INSERT INTO `likes_post` (`user_id`, `like_date`, `post_id`) VALUES (17, '1972-09-03 12:06:26', 17);
INSERT INTO `likes_post` (`user_id`, `like_date`, `post_id`) VALUES (18, '2001-01-12 18:08:38', 18);
INSERT INTO `likes_post` (`user_id`, `like_date`, `post_id`) VALUES (19, '2017-02-22 17:48:35', 19);
INSERT INTO `likes_post` (`user_id`, `like_date`, `post_id`) VALUES (20, '1993-01-30 16:51:53', 20);
INSERT INTO `likes_post` (`user_id`, `like_date`, `post_id`) VALUES (21, '2010-08-18 18:44:45', 21);
INSERT INTO `likes_post` (`user_id`, `like_date`, `post_id`) VALUES (22, '2001-10-16 18:00:19', 22);
INSERT INTO `likes_post` (`user_id`, `like_date`, `post_id`) VALUES (23, '2014-01-17 01:07:54', 23);
INSERT INTO `likes_post` (`user_id`, `like_date`, `post_id`) VALUES (24, '2014-11-16 08:34:56', 24);
INSERT INTO `likes_post` (`user_id`, `like_date`, `post_id`) VALUES (25, '2016-05-09 19:03:22', 25);
INSERT INTO `likes_post` (`user_id`, `like_date`, `post_id`) VALUES (26, '2016-05-09 23:48:21', 26);
INSERT INTO `likes_post` (`user_id`, `like_date`, `post_id`) VALUES (27, '2016-06-30 10:12:04', 27);
INSERT INTO `likes_post` (`user_id`, `like_date`, `post_id`) VALUES (28, '1998-06-04 19:16:09', 28);
INSERT INTO `likes_post` (`user_id`, `like_date`, `post_id`) VALUES (29, '1995-01-18 14:00:04', 29);
INSERT INTO `likes_post` (`user_id`, `like_date`, `post_id`) VALUES (30, '2012-06-16 14:35:19', 30);
INSERT INTO `likes_post` (`user_id`, `like_date`, `post_id`) VALUES (31, '2007-05-13 21:18:06', 31);
INSERT INTO `likes_post` (`user_id`, `like_date`, `post_id`) VALUES (32, '1992-11-22 01:32:37', 32);
INSERT INTO `likes_post` (`user_id`, `like_date`, `post_id`) VALUES (33, '1997-02-07 11:08:14', 33);
INSERT INTO `likes_post` (`user_id`, `like_date`, `post_id`) VALUES (34, '1981-01-19 09:44:01', 34);
INSERT INTO `likes_post` (`user_id`, `like_date`, `post_id`) VALUES (35, '1986-07-08 15:51:50', 35);
INSERT INTO `likes_post` (`user_id`, `like_date`, `post_id`) VALUES (36, '2009-01-28 10:20:47', 36);
INSERT INTO `likes_post` (`user_id`, `like_date`, `post_id`) VALUES (37, '1989-09-03 20:37:36', 37);
INSERT INTO `likes_post` (`user_id`, `like_date`, `post_id`) VALUES (38, '1983-09-18 22:51:31', 38);
INSERT INTO `likes_post` (`user_id`, `like_date`, `post_id`) VALUES (39, '1983-11-14 05:05:26', 39);
INSERT INTO `likes_post` (`user_id`, `like_date`, `post_id`) VALUES (40, '2005-03-11 06:56:13', 40);
INSERT INTO `likes_post` (`user_id`, `like_date`, `post_id`) VALUES (41, '2004-10-30 22:40:22', 41);
INSERT INTO `likes_post` (`user_id`, `like_date`, `post_id`) VALUES (42, '1974-02-02 02:14:33', 42);
INSERT INTO `likes_post` (`user_id`, `like_date`, `post_id`) VALUES (43, '1998-05-05 19:22:35', 43);
INSERT INTO `likes_post` (`user_id`, `like_date`, `post_id`) VALUES (44, '1987-04-11 01:35:19', 44);
INSERT INTO `likes_post` (`user_id`, `like_date`, `post_id`) VALUES (45, '2013-07-29 10:01:17', 45);
INSERT INTO `likes_post` (`user_id`, `like_date`, `post_id`) VALUES (46, '2011-02-24 01:31:25', 46);
INSERT INTO `likes_post` (`user_id`, `like_date`, `post_id`) VALUES (47, '1977-01-07 02:22:52', 47);
INSERT INTO `likes_post` (`user_id`, `like_date`, `post_id`) VALUES (48, '1987-09-10 09:35:30', 48);
INSERT INTO `likes_post` (`user_id`, `like_date`, `post_id`) VALUES (49, '1996-05-23 06:14:53', 49);
INSERT INTO `likes_post` (`user_id`, `like_date`, `post_id`) VALUES (50, '1976-06-13 04:43:52', 50);
INSERT INTO `likes_post` (`user_id`, `like_date`, `post_id`) VALUES (51, '2003-06-20 04:37:36', 51);
INSERT INTO `likes_post` (`user_id`, `like_date`, `post_id`) VALUES (52, '1982-05-29 04:35:52', 52);
INSERT INTO `likes_post` (`user_id`, `like_date`, `post_id`) VALUES (53, '1995-02-13 13:44:50', 53);
INSERT INTO `likes_post` (`user_id`, `like_date`, `post_id`) VALUES (54, '1996-08-24 02:54:07', 54);
INSERT INTO `likes_post` (`user_id`, `like_date`, `post_id`) VALUES (55, '1970-02-25 18:19:31', 55);
INSERT INTO `likes_post` (`user_id`, `like_date`, `post_id`) VALUES (56, '2009-08-03 00:43:32', 56);
INSERT INTO `likes_post` (`user_id`, `like_date`, `post_id`) VALUES (57, '2005-12-19 18:56:36', 57);
INSERT INTO `likes_post` (`user_id`, `like_date`, `post_id`) VALUES (58, '2015-10-18 18:15:22', 58);
INSERT INTO `likes_post` (`user_id`, `like_date`, `post_id`) VALUES (59, '1988-02-15 07:29:59', 59);
INSERT INTO `likes_post` (`user_id`, `like_date`, `post_id`) VALUES (60, '1994-08-24 00:42:19', 60);
INSERT INTO `likes_post` (`user_id`, `like_date`, `post_id`) VALUES (61, '2008-07-04 00:45:08', 61);
INSERT INTO `likes_post` (`user_id`, `like_date`, `post_id`) VALUES (62, '2014-05-15 03:10:38', 62);
INSERT INTO `likes_post` (`user_id`, `like_date`, `post_id`) VALUES (63, '2021-03-24 07:15:58', 63);
INSERT INTO `likes_post` (`user_id`, `like_date`, `post_id`) VALUES (64, '1975-08-19 22:08:42', 64);
INSERT INTO `likes_post` (`user_id`, `like_date`, `post_id`) VALUES (65, '1998-04-14 03:52:20', 65);
INSERT INTO `likes_post` (`user_id`, `like_date`, `post_id`) VALUES (66, '2013-07-03 05:19:34', 66);
INSERT INTO `likes_post` (`user_id`, `like_date`, `post_id`) VALUES (67, '2010-04-20 20:09:58', 67);
INSERT INTO `likes_post` (`user_id`, `like_date`, `post_id`) VALUES (68, '1983-09-10 20:21:49', 68);
INSERT INTO `likes_post` (`user_id`, `like_date`, `post_id`) VALUES (69, '2013-12-09 01:57:20', 69);
INSERT INTO `likes_post` (`user_id`, `like_date`, `post_id`) VALUES (70, '1971-12-12 03:54:24', 70);
INSERT INTO `likes_post` (`user_id`, `like_date`, `post_id`) VALUES (71, '2013-08-17 04:33:07', 71);
INSERT INTO `likes_post` (`user_id`, `like_date`, `post_id`) VALUES (72, '1984-11-15 07:12:17', 72);
INSERT INTO `likes_post` (`user_id`, `like_date`, `post_id`) VALUES (73, '1991-06-17 14:46:21', 73);
INSERT INTO `likes_post` (`user_id`, `like_date`, `post_id`) VALUES (74, '2014-01-19 14:04:11', 74);
INSERT INTO `likes_post` (`user_id`, `like_date`, `post_id`) VALUES (75, '2018-10-23 21:03:10', 75);
INSERT INTO `likes_post` (`user_id`, `like_date`, `post_id`) VALUES (76, '1972-12-06 11:10:13', 76);
INSERT INTO `likes_post` (`user_id`, `like_date`, `post_id`) VALUES (77, '1991-05-30 09:13:50', 77);
INSERT INTO `likes_post` (`user_id`, `like_date`, `post_id`) VALUES (78, '2015-01-03 08:59:32', 78);
INSERT INTO `likes_post` (`user_id`, `like_date`, `post_id`) VALUES (79, '2006-09-15 10:51:15', 79);
INSERT INTO `likes_post` (`user_id`, `like_date`, `post_id`) VALUES (80, '2000-02-16 23:17:10', 80);
INSERT INTO `likes_post` (`user_id`, `like_date`, `post_id`) VALUES (81, '1973-03-02 13:21:45', 81);
INSERT INTO `likes_post` (`user_id`, `like_date`, `post_id`) VALUES (82, '2020-09-22 02:16:51', 82);
INSERT INTO `likes_post` (`user_id`, `like_date`, `post_id`) VALUES (83, '1977-02-09 11:08:03', 83);
INSERT INTO `likes_post` (`user_id`, `like_date`, `post_id`) VALUES (84, '2007-01-23 00:32:45', 84);
INSERT INTO `likes_post` (`user_id`, `like_date`, `post_id`) VALUES (85, '1985-08-13 15:53:10', 85);
INSERT INTO `likes_post` (`user_id`, `like_date`, `post_id`) VALUES (86, '1973-03-29 13:06:05', 86);
INSERT INTO `likes_post` (`user_id`, `like_date`, `post_id`) VALUES (87, '2020-12-02 01:35:18', 87);
INSERT INTO `likes_post` (`user_id`, `like_date`, `post_id`) VALUES (88, '1975-04-21 04:22:13', 88);
INSERT INTO `likes_post` (`user_id`, `like_date`, `post_id`) VALUES (89, '1977-08-13 12:43:09', 89);
INSERT INTO `likes_post` (`user_id`, `like_date`, `post_id`) VALUES (90, '2019-02-19 18:25:57', 90);
INSERT INTO `likes_post` (`user_id`, `like_date`, `post_id`) VALUES (91, '1976-06-06 09:35:45', 91);
INSERT INTO `likes_post` (`user_id`, `like_date`, `post_id`) VALUES (92, '2007-04-23 12:21:02', 92);
INSERT INTO `likes_post` (`user_id`, `like_date`, `post_id`) VALUES (93, '1984-10-11 14:30:27', 93);
INSERT INTO `likes_post` (`user_id`, `like_date`, `post_id`) VALUES (94, '1972-01-01 10:05:23', 94);
INSERT INTO `likes_post` (`user_id`, `like_date`, `post_id`) VALUES (95, '2017-11-01 16:07:59', 95);
INSERT INTO `likes_post` (`user_id`, `like_date`, `post_id`) VALUES (96, '2012-09-23 15:38:31', 96);
INSERT INTO `likes_post` (`user_id`, `like_date`, `post_id`) VALUES (97, '1989-03-07 14:22:47', 97);
INSERT INTO `likes_post` (`user_id`, `like_date`, `post_id`) VALUES (98, '1979-06-09 17:55:16', 98);
INSERT INTO `likes_post` (`user_id`, `like_date`, `post_id`) VALUES (99, '2008-06-06 13:32:00', 99);
INSERT INTO `likes_post` (`user_id`, `like_date`, `post_id`) VALUES (100, '1995-08-14 02:10:54', 100);


#
# TABLE STRUCTURE FOR: likes_user
#

INSERT INTO `likes_user` (`user_id`, `user_like_id`, `like_date`) VALUES (1, 1, '1988-03-20 17:53:49');
INSERT INTO `likes_user` (`user_id`, `user_like_id`, `like_date`) VALUES (2, 2, '1984-01-02 22:34:03');
INSERT INTO `likes_user` (`user_id`, `user_like_id`, `like_date`) VALUES (3, 3, '2006-09-25 07:25:52');
INSERT INTO `likes_user` (`user_id`, `user_like_id`, `like_date`) VALUES (4, 4, '2018-10-12 11:23:47');
INSERT INTO `likes_user` (`user_id`, `user_like_id`, `like_date`) VALUES (5, 5, '1998-10-06 21:29:47');
INSERT INTO `likes_user` (`user_id`, `user_like_id`, `like_date`) VALUES (6, 6, '1975-07-12 20:05:04');
INSERT INTO `likes_user` (`user_id`, `user_like_id`, `like_date`) VALUES (7, 7, '2016-10-11 21:36:07');
INSERT INTO `likes_user` (`user_id`, `user_like_id`, `like_date`) VALUES (8, 8, '1997-11-27 14:53:37');
INSERT INTO `likes_user` (`user_id`, `user_like_id`, `like_date`) VALUES (9, 9, '1994-05-11 13:29:12');
INSERT INTO `likes_user` (`user_id`, `user_like_id`, `like_date`) VALUES (10, 10, '1987-08-12 11:17:47');
INSERT INTO `likes_user` (`user_id`, `user_like_id`, `like_date`) VALUES (11, 11, '1993-06-03 23:23:53');
INSERT INTO `likes_user` (`user_id`, `user_like_id`, `like_date`) VALUES (12, 12, '2002-07-19 17:15:08');
INSERT INTO `likes_user` (`user_id`, `user_like_id`, `like_date`) VALUES (13, 13, '2001-05-14 14:52:13');
INSERT INTO `likes_user` (`user_id`, `user_like_id`, `like_date`) VALUES (14, 14, '2010-07-28 12:57:36');
INSERT INTO `likes_user` (`user_id`, `user_like_id`, `like_date`) VALUES (15, 15, '2019-01-26 17:02:02');
INSERT INTO `likes_user` (`user_id`, `user_like_id`, `like_date`) VALUES (16, 16, '1983-06-13 05:30:23');
INSERT INTO `likes_user` (`user_id`, `user_like_id`, `like_date`) VALUES (17, 17, '2007-05-30 13:51:56');
INSERT INTO `likes_user` (`user_id`, `user_like_id`, `like_date`) VALUES (18, 18, '2006-07-23 23:33:14');
INSERT INTO `likes_user` (`user_id`, `user_like_id`, `like_date`) VALUES (19, 19, '1984-12-05 16:27:34');
INSERT INTO `likes_user` (`user_id`, `user_like_id`, `like_date`) VALUES (20, 20, '2012-05-13 03:04:38');
INSERT INTO `likes_user` (`user_id`, `user_like_id`, `like_date`) VALUES (21, 21, '1994-11-12 02:15:13');
INSERT INTO `likes_user` (`user_id`, `user_like_id`, `like_date`) VALUES (22, 22, '1979-08-16 10:31:09');
INSERT INTO `likes_user` (`user_id`, `user_like_id`, `like_date`) VALUES (23, 23, '1983-02-16 01:05:03');
INSERT INTO `likes_user` (`user_id`, `user_like_id`, `like_date`) VALUES (24, 24, '1971-10-11 07:08:11');
INSERT INTO `likes_user` (`user_id`, `user_like_id`, `like_date`) VALUES (25, 25, '2014-01-12 08:32:43');
INSERT INTO `likes_user` (`user_id`, `user_like_id`, `like_date`) VALUES (26, 26, '1992-05-27 00:43:50');
INSERT INTO `likes_user` (`user_id`, `user_like_id`, `like_date`) VALUES (27, 27, '1990-08-24 15:44:50');
INSERT INTO `likes_user` (`user_id`, `user_like_id`, `like_date`) VALUES (28, 28, '1978-10-21 12:13:28');
INSERT INTO `likes_user` (`user_id`, `user_like_id`, `like_date`) VALUES (29, 29, '2017-08-30 06:03:03');
INSERT INTO `likes_user` (`user_id`, `user_like_id`, `like_date`) VALUES (30, 30, '1984-09-21 10:40:54');
INSERT INTO `likes_user` (`user_id`, `user_like_id`, `like_date`) VALUES (31, 31, '2005-12-14 13:47:37');
INSERT INTO `likes_user` (`user_id`, `user_like_id`, `like_date`) VALUES (32, 32, '2000-05-13 03:34:36');
INSERT INTO `likes_user` (`user_id`, `user_like_id`, `like_date`) VALUES (33, 33, '1993-03-24 23:11:35');
INSERT INTO `likes_user` (`user_id`, `user_like_id`, `like_date`) VALUES (34, 34, '1995-06-28 14:30:17');
INSERT INTO `likes_user` (`user_id`, `user_like_id`, `like_date`) VALUES (35, 35, '1988-08-28 15:43:56');
INSERT INTO `likes_user` (`user_id`, `user_like_id`, `like_date`) VALUES (36, 36, '1976-09-25 15:45:07');
INSERT INTO `likes_user` (`user_id`, `user_like_id`, `like_date`) VALUES (37, 37, '1972-11-29 09:36:21');
INSERT INTO `likes_user` (`user_id`, `user_like_id`, `like_date`) VALUES (38, 38, '2009-05-25 10:48:56');
INSERT INTO `likes_user` (`user_id`, `user_like_id`, `like_date`) VALUES (39, 39, '1984-03-19 21:10:57');
INSERT INTO `likes_user` (`user_id`, `user_like_id`, `like_date`) VALUES (40, 40, '1975-02-28 13:24:36');
INSERT INTO `likes_user` (`user_id`, `user_like_id`, `like_date`) VALUES (41, 41, '2003-02-23 00:56:24');
INSERT INTO `likes_user` (`user_id`, `user_like_id`, `like_date`) VALUES (42, 42, '2018-11-07 12:48:23');
INSERT INTO `likes_user` (`user_id`, `user_like_id`, `like_date`) VALUES (43, 43, '2002-02-24 19:27:34');
INSERT INTO `likes_user` (`user_id`, `user_like_id`, `like_date`) VALUES (44, 44, '2007-03-12 20:21:17');
INSERT INTO `likes_user` (`user_id`, `user_like_id`, `like_date`) VALUES (45, 45, '2013-01-18 17:05:43');
INSERT INTO `likes_user` (`user_id`, `user_like_id`, `like_date`) VALUES (46, 46, '1970-04-08 06:00:20');
INSERT INTO `likes_user` (`user_id`, `user_like_id`, `like_date`) VALUES (47, 47, '2006-05-30 17:53:27');
INSERT INTO `likes_user` (`user_id`, `user_like_id`, `like_date`) VALUES (48, 48, '1996-04-29 03:14:21');
INSERT INTO `likes_user` (`user_id`, `user_like_id`, `like_date`) VALUES (49, 49, '2013-11-18 08:25:43');
INSERT INTO `likes_user` (`user_id`, `user_like_id`, `like_date`) VALUES (50, 50, '2003-05-08 14:24:24');
INSERT INTO `likes_user` (`user_id`, `user_like_id`, `like_date`) VALUES (51, 51, '2014-08-01 23:28:33');
INSERT INTO `likes_user` (`user_id`, `user_like_id`, `like_date`) VALUES (52, 52, '1989-09-28 23:38:26');
INSERT INTO `likes_user` (`user_id`, `user_like_id`, `like_date`) VALUES (53, 53, '2000-10-14 17:42:33');
INSERT INTO `likes_user` (`user_id`, `user_like_id`, `like_date`) VALUES (54, 54, '2012-08-07 18:18:42');
INSERT INTO `likes_user` (`user_id`, `user_like_id`, `like_date`) VALUES (55, 55, '2021-03-09 02:24:32');
INSERT INTO `likes_user` (`user_id`, `user_like_id`, `like_date`) VALUES (56, 56, '1999-03-19 03:19:24');
INSERT INTO `likes_user` (`user_id`, `user_like_id`, `like_date`) VALUES (57, 57, '2001-08-06 02:30:30');
INSERT INTO `likes_user` (`user_id`, `user_like_id`, `like_date`) VALUES (58, 58, '1973-10-19 09:30:38');
INSERT INTO `likes_user` (`user_id`, `user_like_id`, `like_date`) VALUES (59, 59, '1976-10-22 17:50:25');
INSERT INTO `likes_user` (`user_id`, `user_like_id`, `like_date`) VALUES (60, 60, '1981-11-29 10:57:15');
INSERT INTO `likes_user` (`user_id`, `user_like_id`, `like_date`) VALUES (61, 61, '2019-12-29 01:14:08');
INSERT INTO `likes_user` (`user_id`, `user_like_id`, `like_date`) VALUES (62, 62, '1998-02-23 18:27:40');
INSERT INTO `likes_user` (`user_id`, `user_like_id`, `like_date`) VALUES (63, 63, '1974-09-24 16:36:48');
INSERT INTO `likes_user` (`user_id`, `user_like_id`, `like_date`) VALUES (64, 64, '1973-06-05 20:35:12');
INSERT INTO `likes_user` (`user_id`, `user_like_id`, `like_date`) VALUES (65, 65, '2016-01-03 02:51:45');
INSERT INTO `likes_user` (`user_id`, `user_like_id`, `like_date`) VALUES (66, 66, '1972-05-03 07:49:11');
INSERT INTO `likes_user` (`user_id`, `user_like_id`, `like_date`) VALUES (67, 67, '2002-06-18 20:28:31');
INSERT INTO `likes_user` (`user_id`, `user_like_id`, `like_date`) VALUES (68, 68, '2003-11-30 14:42:40');
INSERT INTO `likes_user` (`user_id`, `user_like_id`, `like_date`) VALUES (69, 69, '2009-02-20 13:17:56');
INSERT INTO `likes_user` (`user_id`, `user_like_id`, `like_date`) VALUES (70, 70, '1990-02-11 01:27:53');
INSERT INTO `likes_user` (`user_id`, `user_like_id`, `like_date`) VALUES (71, 71, '1985-12-12 12:09:22');
INSERT INTO `likes_user` (`user_id`, `user_like_id`, `like_date`) VALUES (72, 72, '2012-11-05 23:12:28');
INSERT INTO `likes_user` (`user_id`, `user_like_id`, `like_date`) VALUES (73, 73, '1971-04-01 18:37:34');
INSERT INTO `likes_user` (`user_id`, `user_like_id`, `like_date`) VALUES (74, 74, '2020-12-28 09:40:37');
INSERT INTO `likes_user` (`user_id`, `user_like_id`, `like_date`) VALUES (75, 75, '1997-09-26 01:33:19');
INSERT INTO `likes_user` (`user_id`, `user_like_id`, `like_date`) VALUES (76, 76, '1991-10-03 16:10:42');
INSERT INTO `likes_user` (`user_id`, `user_like_id`, `like_date`) VALUES (77, 77, '1972-02-28 16:21:39');
INSERT INTO `likes_user` (`user_id`, `user_like_id`, `like_date`) VALUES (78, 78, '2010-01-19 01:32:34');
INSERT INTO `likes_user` (`user_id`, `user_like_id`, `like_date`) VALUES (79, 79, '1991-05-25 17:17:45');
INSERT INTO `likes_user` (`user_id`, `user_like_id`, `like_date`) VALUES (80, 80, '2012-10-17 02:29:33');
INSERT INTO `likes_user` (`user_id`, `user_like_id`, `like_date`) VALUES (81, 81, '1977-05-21 21:09:31');
INSERT INTO `likes_user` (`user_id`, `user_like_id`, `like_date`) VALUES (82, 82, '2016-06-17 13:23:44');
INSERT INTO `likes_user` (`user_id`, `user_like_id`, `like_date`) VALUES (83, 83, '1987-08-06 09:08:33');
INSERT INTO `likes_user` (`user_id`, `user_like_id`, `like_date`) VALUES (84, 84, '1991-12-09 23:24:34');
INSERT INTO `likes_user` (`user_id`, `user_like_id`, `like_date`) VALUES (85, 85, '2007-03-11 23:33:54');
INSERT INTO `likes_user` (`user_id`, `user_like_id`, `like_date`) VALUES (86, 86, '1972-07-16 12:02:56');
INSERT INTO `likes_user` (`user_id`, `user_like_id`, `like_date`) VALUES (87, 87, '2017-10-25 23:13:38');
INSERT INTO `likes_user` (`user_id`, `user_like_id`, `like_date`) VALUES (88, 88, '2004-08-27 13:50:42');
INSERT INTO `likes_user` (`user_id`, `user_like_id`, `like_date`) VALUES (89, 89, '2019-11-29 23:17:11');
INSERT INTO `likes_user` (`user_id`, `user_like_id`, `like_date`) VALUES (90, 90, '1988-04-21 13:13:01');
INSERT INTO `likes_user` (`user_id`, `user_like_id`, `like_date`) VALUES (91, 91, '1983-09-23 16:03:29');
INSERT INTO `likes_user` (`user_id`, `user_like_id`, `like_date`) VALUES (92, 92, '2003-08-24 19:29:51');
INSERT INTO `likes_user` (`user_id`, `user_like_id`, `like_date`) VALUES (93, 93, '2015-05-25 21:22:59');
INSERT INTO `likes_user` (`user_id`, `user_like_id`, `like_date`) VALUES (94, 94, '2007-05-22 22:03:48');
INSERT INTO `likes_user` (`user_id`, `user_like_id`, `like_date`) VALUES (95, 95, '1992-02-27 14:11:32');
INSERT INTO `likes_user` (`user_id`, `user_like_id`, `like_date`) VALUES (96, 96, '1985-02-16 04:39:44');
INSERT INTO `likes_user` (`user_id`, `user_like_id`, `like_date`) VALUES (97, 97, '2013-04-18 07:15:48');
INSERT INTO `likes_user` (`user_id`, `user_like_id`, `like_date`) VALUES (98, 98, '1986-08-09 09:05:51');
INSERT INTO `likes_user` (`user_id`, `user_like_id`, `like_date`) VALUES (99, 99, '1996-07-04 06:25:19');
INSERT INTO `likes_user` (`user_id`, `user_like_id`, `like_date`) VALUES (100, 100, '2017-08-30 07:45:15');


INSERT INTO `messages` (`id`, `from_user_id`, `to_user_id`, `message_header`, `message_body`, `is_delivered`, `was_edited`, `created_at`, `updated_at`) VALUES (1, 1, 1, 'A autem et non exercitationem omnis. Aut aperiam recusandae eum. Aut eveniet voluptatem fugiat vitae id quos.', 'Dolorum voluptates rerum id non qui cupiditate sequi laborum. Quis ut in rerum maxime. Velit est unde qui at est sit.', 0, 127, '2012-01-05 21:12:59', '2003-02-24 05:38:05');
INSERT INTO `messages` (`id`, `from_user_id`, `to_user_id`, `message_header`, `message_body`, `is_delivered`, `was_edited`, `created_at`, `updated_at`) VALUES (2, 2, 2, 'Minima laborum delectus nam aut odit recusandae quae. Qui aliquid quo sint ut amet assumenda aperiam repellendus. Dolorem aliquam aut quae.', 'Non est nobis sed dicta mollitia eos. Amet repudiandae et reiciendis aut. Natus similique et sint quas eum animi quia maiores. Commodi esse nesciunt doloribus ut provident minima dignissimos rerum. Quae eius eveniet a sequi.', 0, 127, '1992-05-19 20:37:42', '1997-04-21 04:38:44');
INSERT INTO `messages` (`id`, `from_user_id`, `to_user_id`, `message_header`, `message_body`, `is_delivered`, `was_edited`, `created_at`, `updated_at`) VALUES (3, 3, 3, 'Et molestias magni est molestias itaque est rerum. Corrupti sequi natus corporis aspernatur. Fugit ratione pariatur nihil doloribus est est. Suscipit voluptatem ratione tenetur.', 'Commodi culpa iste quaerat blanditiis maxime consequatur debitis. Expedita earum quo mollitia beatae aliquid fugit. Quos quam aliquid eos ad non sit.', 0, 127, '1974-03-11 03:00:36', '2010-08-24 18:21:42');
INSERT INTO `messages` (`id`, `from_user_id`, `to_user_id`, `message_header`, `message_body`, `is_delivered`, `was_edited`, `created_at`, `updated_at`) VALUES (4, 4, 4, 'Mollitia neque est magni consequatur ipsa dolorem. Suscipit consequatur officiis est est velit. Odio aperiam voluptatem impedit. Unde illo velit fugit omnis aut qui.', 'Autem voluptatibus est modi. Eligendi quos atque iusto consequatur animi deserunt unde architecto. Labore reprehenderit nisi vel quas facilis tempora a.', 0, 127, '1973-12-07 07:28:43', '2001-05-15 04:43:46');
INSERT INTO `messages` (`id`, `from_user_id`, `to_user_id`, `message_header`, `message_body`, `is_delivered`, `was_edited`, `created_at`, `updated_at`) VALUES (5, 5, 5, 'Culpa voluptatem excepturi velit voluptatum. Quam eos sint assumenda voluptatibus. Necessitatibus et autem voluptatum cupiditate a sunt. Reprehenderit provident est sapiente dignissimos vitae eius aliquid.', 'Error occaecati natus expedita sequi. Dolore delectus officiis ducimus sunt in voluptas ipsum. Corporis sint ut saepe non saepe ipsum quam.', 0, 127, '2002-12-08 23:35:30', '1986-09-02 08:13:46');
INSERT INTO `messages` (`id`, `from_user_id`, `to_user_id`, `message_header`, `message_body`, `is_delivered`, `was_edited`, `created_at`, `updated_at`) VALUES (6, 6, 6, 'Necessitatibus nisi voluptatem et animi eos. Et enim beatae a optio sit modi laboriosam ea. Rerum qui et minus quasi ut. Omnis sed iure saepe aut eaque ullam quis ea.', 'Beatae nulla consequatur est officia. Ea consequuntur nihil dignissimos hic. Quasi beatae repellat natus quis voluptas magnam. Repellat numquam placeat et non iusto qui.', 0, 127, '1994-06-14 03:59:34', '1970-04-16 07:08:30');
INSERT INTO `messages` (`id`, `from_user_id`, `to_user_id`, `message_header`, `message_body`, `is_delivered`, `was_edited`, `created_at`, `updated_at`) VALUES (7, 7, 7, 'Aut excepturi libero voluptatem est soluta id omnis. Quo mollitia sunt soluta quis voluptatem. Qui magni sed dignissimos similique.', 'Numquam assumenda et cupiditate laborum magnam blanditiis. Voluptas est itaque quae voluptatum non sapiente. Ipsam et voluptatem quod.', 0, 127, '2009-04-20 01:48:28', '2005-04-06 22:56:59');
INSERT INTO `messages` (`id`, `from_user_id`, `to_user_id`, `message_header`, `message_body`, `is_delivered`, `was_edited`, `created_at`, `updated_at`) VALUES (8, 8, 8, 'Porro et ab minus facere. Dicta consectetur eum quibusdam consectetur dignissimos eligendi nihil. Cumque ex magnam numquam ut aut. Vel ea repudiandae modi ipsam beatae.', 'Quod sed mollitia qui vel earum est. Repudiandae ab inventore numquam dicta magnam labore.', 1, 127, '1988-02-21 18:55:30', '2015-03-18 14:40:39');
INSERT INTO `messages` (`id`, `from_user_id`, `to_user_id`, `message_header`, `message_body`, `is_delivered`, `was_edited`, `created_at`, `updated_at`) VALUES (9, 9, 9, 'Quisquam sint aspernatur voluptatem ratione et ut. Rem non quasi non consequatur et est. Ullam ipsa doloremque pariatur excepturi.', 'Explicabo inventore voluptas numquam ut repellat doloremque blanditiis. Facilis ducimus ratione dolorum illum. Facere debitis nostrum repudiandae quae expedita nihil. Nesciunt sunt voluptatem est est facilis.', 1, 127, '1989-10-29 16:43:16', '1993-08-31 21:05:35');
INSERT INTO `messages` (`id`, `from_user_id`, `to_user_id`, `message_header`, `message_body`, `is_delivered`, `was_edited`, `created_at`, `updated_at`) VALUES (10, 10, 10, 'Aliquam autem dolores voluptas est distinctio ipsum explicabo. Iure aut architecto labore perspiciatis id veritatis. Saepe est voluptatem repellat sint explicabo aut. Laborum et aut quo laboriosam quisquam.', 'Dolorum expedita aperiam enim enim qui voluptatem. Incidunt similique vero ab voluptatum ex aut maiores quo. Libero officia cumque eaque odio necessitatibus accusamus rerum nihil.', 1, 127, '1985-06-27 11:41:47', '1970-09-09 23:02:24');
INSERT INTO `messages` (`id`, `from_user_id`, `to_user_id`, `message_header`, `message_body`, `is_delivered`, `was_edited`, `created_at`, `updated_at`) VALUES (11, 11, 11, 'Possimus molestiae velit odio asperiores ex rerum. Nemo exercitationem repellat doloribus pariatur. Perspiciatis et voluptatem eum. Excepturi perferendis illum delectus dignissimos.', 'Et quis nesciunt consequuntur expedita et qui. Doloremque quisquam quia architecto sequi consequuntur. Voluptatibus nobis debitis natus reiciendis assumenda. Eveniet ut occaecati ut veniam.', 1, 127, '1990-12-29 18:22:06', '2010-05-25 08:02:14');
INSERT INTO `messages` (`id`, `from_user_id`, `to_user_id`, `message_header`, `message_body`, `is_delivered`, `was_edited`, `created_at`, `updated_at`) VALUES (12, 12, 12, 'Quia doloribus sequi qui. Voluptatibus odio nesciunt dolores voluptatem quia. Aliquam reiciendis odio quaerat qui ducimus.', 'Aut commodi saepe totam quia culpa ratione aut. Est tenetur voluptatem incidunt.', 1, 127, '1986-04-30 09:48:53', '2012-04-21 15:24:51');
INSERT INTO `messages` (`id`, `from_user_id`, `to_user_id`, `message_header`, `message_body`, `is_delivered`, `was_edited`, `created_at`, `updated_at`) VALUES (13, 13, 13, 'Molestiae nulla ab nam totam. Rerum ratione fuga asperiores. Aperiam esse architecto facere quo in. Error ipsum corrupti quisquam quis quia ut. Et placeat quo ut molestias.', 'Distinctio tenetur adipisci laborum quia. Rerum possimus provident fuga optio rerum et. Odit nostrum aliquam ex perferendis ipsam quibusdam.', 0, 127, '1973-02-05 16:17:02', '1999-07-28 12:50:33');
INSERT INTO `messages` (`id`, `from_user_id`, `to_user_id`, `message_header`, `message_body`, `is_delivered`, `was_edited`, `created_at`, `updated_at`) VALUES (14, 14, 14, 'Enim repellat saepe distinctio officiis ipsa. Sint corporis ducimus velit voluptatibus vel nesciunt nihil. Voluptatem sunt beatae suscipit. Magni id exercitationem pariatur pariatur ut et voluptatibus temporibus. Hic id iure rerum ea sint esse.', 'Et sed repellat delectus saepe est alias. Est recusandae id iste ut cupiditate corrupti. Deserunt culpa sed aut et. Suscipit sed itaque dolores rerum nulla similique et.', 0, 127, '2009-03-02 20:21:03', '1974-10-16 22:34:57');
INSERT INTO `messages` (`id`, `from_user_id`, `to_user_id`, `message_header`, `message_body`, `is_delivered`, `was_edited`, `created_at`, `updated_at`) VALUES (15, 15, 15, 'Dignissimos est quis voluptatem consectetur explicabo in. Quod quis soluta nemo vel fugit. Autem error quas nemo consequatur perferendis porro reprehenderit. In deserunt non ut fugit iure sed natus et.', 'Sit vitae facilis omnis possimus molestiae earum. Harum rem ipsum consequatur tempore impedit. Asperiores voluptatem in voluptas modi hic. Velit nostrum et quidem ullam.', 0, 127, '1990-11-24 20:41:46', '1976-10-11 10:44:17');
INSERT INTO `messages` (`id`, `from_user_id`, `to_user_id`, `message_header`, `message_body`, `is_delivered`, `was_edited`, `created_at`, `updated_at`) VALUES (16, 16, 16, 'Aut placeat et magnam. Quo adipisci corporis quasi ipsa odit aut similique ut. Quisquam sequi sit eum ut est.', 'Voluptatibus quasi cum at vel ea dolor a. Quas rerum excepturi eum dignissimos dolor id ut unde.', 0, 127, '1984-02-04 03:16:50', '1976-09-02 02:02:25');
INSERT INTO `messages` (`id`, `from_user_id`, `to_user_id`, `message_header`, `message_body`, `is_delivered`, `was_edited`, `created_at`, `updated_at`) VALUES (17, 17, 17, 'Ut commodi magni non in qui ut. Est cumque doloribus quod sit. Incidunt esse ad non cupiditate velit est reprehenderit.', 'Dolor ea ea in facere. Id sint corporis vero. Sunt modi quia beatae enim quidem dignissimos laboriosam voluptas.', 1, 127, '1991-10-16 03:01:00', '1986-03-06 02:46:51');
INSERT INTO `messages` (`id`, `from_user_id`, `to_user_id`, `message_header`, `message_body`, `is_delivered`, `was_edited`, `created_at`, `updated_at`) VALUES (18, 18, 18, 'Libero ut dolor aut aut doloremque. Blanditiis omnis possimus possimus quo suscipit consequatur. Sunt autem expedita possimus ducimus ducimus sit. Totam hic quod et aut.', 'Eaque aperiam corporis natus sit aut voluptatem aperiam. Dicta dolorem adipisci exercitationem quia est eos sit. Vero illum earum quia sint reprehenderit reiciendis molestiae. Odit odio iusto placeat nostrum quia eligendi omnis tenetur.', 0, 127, '1973-02-26 23:41:38', '2015-11-20 07:28:17');
INSERT INTO `messages` (`id`, `from_user_id`, `to_user_id`, `message_header`, `message_body`, `is_delivered`, `was_edited`, `created_at`, `updated_at`) VALUES (19, 19, 19, 'Sapiente qui aliquid modi distinctio. Expedita molestiae et modi. Tempora maiores dolor corrupti voluptates qui.', 'Quisquam consectetur voluptatem veniam consequatur. Aut eveniet repudiandae beatae dolor et. Aperiam exercitationem molestias nulla libero possimus inventore sit. Eligendi quia nobis consequatur perspiciatis.', 0, 127, '2001-12-02 09:25:17', '2005-09-18 09:04:45');
INSERT INTO `messages` (`id`, `from_user_id`, `to_user_id`, `message_header`, `message_body`, `is_delivered`, `was_edited`, `created_at`, `updated_at`) VALUES (20, 20, 20, 'Asperiores ut odit velit. Vero neque occaecati iure aut accusamus. Autem voluptatem odio accusamus rerum. Corporis quis placeat excepturi eum consequatur iusto et.', 'Totam reprehenderit inventore sapiente. Tempora atque impedit vitae numquam expedita eum sapiente. Qui enim numquam dolor itaque dolorem. Officiis voluptatem ipsum omnis dicta et eligendi. Tempora voluptas ut rem rerum fugit facere accusamus sint.', 1, 127, '2017-07-26 15:13:28', '1990-01-24 01:38:52');
INSERT INTO `messages` (`id`, `from_user_id`, `to_user_id`, `message_header`, `message_body`, `is_delivered`, `was_edited`, `created_at`, `updated_at`) VALUES (21, 21, 21, 'Vel et natus quisquam et ratione eum. Omnis quibusdam aliquid qui neque illo repellendus occaecati aut. Iure excepturi corporis qui voluptas porro sunt distinctio.', 'Odio consequatur voluptatem accusamus culpa optio ad. Eum ullam consectetur molestiae. Repellendus dolorum beatae est modi.', 0, 127, '2015-01-13 20:58:55', '2008-11-02 19:09:23');
INSERT INTO `messages` (`id`, `from_user_id`, `to_user_id`, `message_header`, `message_body`, `is_delivered`, `was_edited`, `created_at`, `updated_at`) VALUES (22, 22, 22, 'Ab sit similique voluptatem. Voluptatum debitis inventore dolorem dolores. Laboriosam dolores eum incidunt est.', 'Voluptas sit sequi deleniti aut. Minus cum repellat ullam ut sapiente.', 1, 127, '1972-06-24 13:45:23', '1976-02-09 02:34:03');
INSERT INTO `messages` (`id`, `from_user_id`, `to_user_id`, `message_header`, `message_body`, `is_delivered`, `was_edited`, `created_at`, `updated_at`) VALUES (23, 23, 23, 'Modi velit quasi consequuntur aperiam eum explicabo eos et. Expedita voluptates molestiae tempora quam ipsam velit aut doloribus. Consequatur et at id ipsum. Deserunt quia impedit minima assumenda maiores. Amet molestiae fugit nulla autem consequatur earu', 'Ea est quaerat et. Sint corrupti dolore totam voluptate. Magnam vel odit est maxime aut ab ut et. Consequatur facilis ut beatae odit fugiat.', 1, 127, '2000-06-20 08:01:43', '2006-07-22 21:41:12');
INSERT INTO `messages` (`id`, `from_user_id`, `to_user_id`, `message_header`, `message_body`, `is_delivered`, `was_edited`, `created_at`, `updated_at`) VALUES (24, 24, 24, 'Harum quaerat accusantium nam dolorem itaque dolorum molestiae. Molestias et nesciunt eius animi voluptas quaerat. Ipsa sequi expedita maxime quidem laborum voluptate.', 'Saepe dolorum quidem nam aut nostrum aut eum. Aliquam sapiente nihil at in fugiat.', 0, 127, '1992-08-25 17:26:46', '2005-12-27 09:31:52');
INSERT INTO `messages` (`id`, `from_user_id`, `to_user_id`, `message_header`, `message_body`, `is_delivered`, `was_edited`, `created_at`, `updated_at`) VALUES (25, 25, 25, 'Et id vel qui non non. Aliquam nostrum sed voluptas maxime. Non qui a molestias nihil.', 'Sunt voluptatibus velit voluptas qui explicabo. Est et iste quis modi. Adipisci doloremque distinctio officiis nisi. Voluptatem dolorem vel explicabo ducimus mollitia.', 1, 127, '2014-02-15 05:50:13', '2012-06-18 23:59:07');
INSERT INTO `messages` (`id`, `from_user_id`, `to_user_id`, `message_header`, `message_body`, `is_delivered`, `was_edited`, `created_at`, `updated_at`) VALUES (26, 26, 26, 'Possimus magnam repellendus praesentium. Sequi omnis dicta qui vel quae. Inventore quia eos doloremque et libero magni voluptas ab. Voluptatem ut perferendis ratione dolorem corporis.', 'Quisquam harum quo ex. Pariatur aut fugit deserunt molestiae. Sed nobis optio odit sed. Voluptas facilis est alias impedit iure hic recusandae.', 0, 127, '1976-03-15 06:36:55', '1974-05-08 18:01:33');
INSERT INTO `messages` (`id`, `from_user_id`, `to_user_id`, `message_header`, `message_body`, `is_delivered`, `was_edited`, `created_at`, `updated_at`) VALUES (27, 27, 27, 'Facilis ut et error sapiente excepturi. Enim molestiae rerum mollitia exercitationem blanditiis omnis aut. Quas deserunt itaque porro.', 'Omnis distinctio quia voluptates est commodi blanditiis. Magni asperiores vel adipisci nihil dolores labore. Corrupti fugiat explicabo sapiente repellendus atque ut accusantium repellat.', 1, 127, '1992-09-09 12:19:58', '1976-11-02 04:07:54');
INSERT INTO `messages` (`id`, `from_user_id`, `to_user_id`, `message_header`, `message_body`, `is_delivered`, `was_edited`, `created_at`, `updated_at`) VALUES (28, 28, 28, 'Et sunt quos consequatur dolores non commodi. Repudiandae quis possimus itaque et quibusdam dicta tempora omnis. Molestiae tempora quia omnis animi qui ut.', 'Id commodi et reprehenderit ut voluptas voluptatem et. Ratione aut qui est dignissimos. Praesentium ut quo similique accusamus cum est alias. Vel sapiente est voluptas aliquam dolor error consectetur.', 0, 127, '2020-06-25 14:59:02', '1992-04-15 00:45:31');
INSERT INTO `messages` (`id`, `from_user_id`, `to_user_id`, `message_header`, `message_body`, `is_delivered`, `was_edited`, `created_at`, `updated_at`) VALUES (29, 29, 29, 'Eum laudantium autem dolor praesentium rem. Dolorem commodi beatae quia aut a non est. Dolores quo quis dolor blanditiis est consequatur repudiandae. Dolor id at quos aperiam consectetur.', 'Voluptatem amet dolorum numquam eum. Sapiente est ipsum maxime occaecati expedita laborum.', 0, 127, '1975-08-29 01:02:45', '1991-08-16 11:03:00');
INSERT INTO `messages` (`id`, `from_user_id`, `to_user_id`, `message_header`, `message_body`, `is_delivered`, `was_edited`, `created_at`, `updated_at`) VALUES (30, 30, 30, 'Corporis et et esse quae non dolorum consequatur possimus. Est minima assumenda vel mollitia.', 'Ea aut asperiores eligendi error aliquid sed. Laudantium enim aliquid nihil dolorem.', 1, 127, '2013-02-04 06:49:39', '1976-03-20 13:46:07');
INSERT INTO `messages` (`id`, `from_user_id`, `to_user_id`, `message_header`, `message_body`, `is_delivered`, `was_edited`, `created_at`, `updated_at`) VALUES (31, 31, 31, 'In repellat quis ea quis. Provident quia aliquid tenetur qui atque occaecati. Alias accusamus iusto odio blanditiis.', 'Dolores blanditiis laudantium ipsam reprehenderit dignissimos error quo sequi. Ut quae facilis numquam sunt quibusdam ad. Ut tempore non reprehenderit qui. Iste totam recusandae vitae exercitationem.', 0, 127, '2015-12-20 16:11:43', '2019-08-29 04:01:35');
INSERT INTO `messages` (`id`, `from_user_id`, `to_user_id`, `message_header`, `message_body`, `is_delivered`, `was_edited`, `created_at`, `updated_at`) VALUES (32, 32, 32, 'Quod exercitationem harum ullam quas eos. Similique minima saepe consectetur aut. Aspernatur aut labore molestiae eum adipisci eos optio.', 'Soluta quisquam quis exercitationem voluptates modi ut quia. Ea harum cum minus repellendus molestiae. Fugit odit alias dolores sequi esse.', 1, 127, '2003-09-19 00:34:24', '1988-10-04 01:36:21');
INSERT INTO `messages` (`id`, `from_user_id`, `to_user_id`, `message_header`, `message_body`, `is_delivered`, `was_edited`, `created_at`, `updated_at`) VALUES (33, 33, 33, 'Aut ducimus aut non culpa quos qui. Dicta et facilis quos architecto. Iure quibusdam eveniet eos sequi et.', 'Mollitia accusantium illum est molestiae qui doloremque voluptates. Ut sed dolor omnis. Ducimus molestiae quasi harum vel deserunt. Laboriosam error quia temporibus voluptatem.', 0, 127, '1989-12-03 04:59:47', '1997-05-23 03:36:19');
INSERT INTO `messages` (`id`, `from_user_id`, `to_user_id`, `message_header`, `message_body`, `is_delivered`, `was_edited`, `created_at`, `updated_at`) VALUES (34, 34, 34, 'Nihil ea non maxime omnis voluptas qui neque. Aliquam consectetur nihil repellendus sit cupiditate non. Tempora porro dolores ipsam voluptate.', 'Culpa perferendis nesciunt sit est id vel et vero. Repellat et animi aut inventore est amet. Doloribus occaecati dolorum et. Enim aut similique velit. Earum eaque quia ea aut expedita similique aut.', 0, 127, '2018-07-10 22:02:04', '2016-04-21 01:59:35');
INSERT INTO `messages` (`id`, `from_user_id`, `to_user_id`, `message_header`, `message_body`, `is_delivered`, `was_edited`, `created_at`, `updated_at`) VALUES (35, 35, 35, 'Corrupti voluptatum enim rerum magni ipsum. Repudiandae esse ipsum minus aperiam. Praesentium et a odio esse.', 'Odio inventore aut enim eum commodi pariatur. Voluptas ipsam ut quo dolore dolor dolor repellendus.', 0, 127, '2000-01-30 11:10:40', '1985-10-19 21:46:00');
INSERT INTO `messages` (`id`, `from_user_id`, `to_user_id`, `message_header`, `message_body`, `is_delivered`, `was_edited`, `created_at`, `updated_at`) VALUES (36, 36, 36, 'Dolor dignissimos dolore repudiandae non quasi quam velit. Maiores repellat accusantium nihil dignissimos aut. Corporis odit et exercitationem est perspiciatis. Alias ratione expedita iure fuga qui quis excepturi.', 'Nesciunt ad aperiam maiores optio ut corporis. Neque pariatur corporis occaecati voluptatem hic. Ducimus at veritatis harum fuga aut quo.', 1, 127, '1981-05-21 18:11:37', '1970-05-11 14:03:21');
INSERT INTO `messages` (`id`, `from_user_id`, `to_user_id`, `message_header`, `message_body`, `is_delivered`, `was_edited`, `created_at`, `updated_at`) VALUES (37, 37, 37, 'Error voluptatem dolor distinctio voluptatibus consequatur impedit hic. Expedita delectus nulla est in molestiae dicta hic. Aut omnis qui dolores quisquam.', 'In aut sed ut. Voluptatibus esse nostrum quia qui est deserunt. Quis et voluptates perferendis voluptatum et quod repellat.', 1, 127, '2003-08-27 10:14:03', '1981-03-12 22:20:27');
INSERT INTO `messages` (`id`, `from_user_id`, `to_user_id`, `message_header`, `message_body`, `is_delivered`, `was_edited`, `created_at`, `updated_at`) VALUES (38, 38, 38, 'Quaerat non rerum est animi omnis. Ad reiciendis et explicabo quasi molestiae voluptas iste adipisci. Natus eligendi occaecati consequuntur tenetur qui. Voluptatem id sequi fugiat voluptas rem earum consequatur aut.', 'Molestiae ipsa temporibus sed qui modi ex molestias. Cum corrupti est consequuntur omnis aut. Ipsum laboriosam ex consequatur itaque perferendis.', 1, 127, '2008-06-29 10:52:03', '2001-08-29 07:11:35');
INSERT INTO `messages` (`id`, `from_user_id`, `to_user_id`, `message_header`, `message_body`, `is_delivered`, `was_edited`, `created_at`, `updated_at`) VALUES (39, 39, 39, 'Magni excepturi sit quasi ducimus. Debitis voluptatem voluptatem cumque quis nihil magni libero voluptatem. Ut tempore blanditiis perferendis mollitia. Soluta nihil beatae non.', 'Reprehenderit consectetur sit cupiditate sunt. Tempore ullam adipisci placeat culpa suscipit. Maxime quam maxime quia maxime tenetur.', 1, 127, '2009-12-04 01:13:18', '2008-02-04 02:02:24');
INSERT INTO `messages` (`id`, `from_user_id`, `to_user_id`, `message_header`, `message_body`, `is_delivered`, `was_edited`, `created_at`, `updated_at`) VALUES (40, 40, 40, 'Facere amet hic nostrum cupiditate debitis quibusdam optio. Veritatis tempora iusto autem nam vel sed. Soluta molestias consequuntur magni sapiente.', 'Eligendi maxime aut inventore reprehenderit saepe dolorem eveniet cupiditate. Qui sed ut ut sed.', 0, 127, '1974-06-23 15:32:47', '1974-03-02 03:08:10');
INSERT INTO `messages` (`id`, `from_user_id`, `to_user_id`, `message_header`, `message_body`, `is_delivered`, `was_edited`, `created_at`, `updated_at`) VALUES (41, 41, 41, 'Rem voluptatum et aut nihil quaerat. Voluptatem nam quia enim harum. Consectetur illum laudantium id nostrum itaque.', 'Rerum voluptatem sequi est est et nemo qui. Minima eum reprehenderit dolores autem corrupti quibusdam. Qui ut cumque tempora reiciendis aut numquam aut. Iusto et illum vel molestiae.', 1, 127, '1999-02-13 05:02:48', '2001-03-16 18:08:55');
INSERT INTO `messages` (`id`, `from_user_id`, `to_user_id`, `message_header`, `message_body`, `is_delivered`, `was_edited`, `created_at`, `updated_at`) VALUES (42, 42, 42, 'Quaerat sint magni aspernatur nemo molestiae iste. Et ea harum non et adipisci consequatur impedit. Eum ipsa aspernatur voluptatem et nihil.', 'Cumque dolor ut ad vel repellat et. Deserunt natus aperiam et ipsam et error vitae eveniet. Dolor iste quisquam doloremque praesentium.', 1, 127, '1977-08-17 16:46:54', '2017-09-22 20:42:17');
INSERT INTO `messages` (`id`, `from_user_id`, `to_user_id`, `message_header`, `message_body`, `is_delivered`, `was_edited`, `created_at`, `updated_at`) VALUES (43, 43, 43, 'Ullam aut officia cumque iusto. Enim quia ut dolores vitae beatae in porro quasi. Numquam quae ad illum voluptatem velit ea ad. Eligendi distinctio repellendus corporis.', 'Quia cupiditate nostrum dignissimos nemo et. Modi consequatur commodi atque possimus maiores dicta. Rerum id ut sint sed et ducimus iste. Enim aliquid expedita vero rerum enim voluptas.', 1, 127, '2013-06-19 13:09:47', '2003-02-07 08:36:21');
INSERT INTO `messages` (`id`, `from_user_id`, `to_user_id`, `message_header`, `message_body`, `is_delivered`, `was_edited`, `created_at`, `updated_at`) VALUES (44, 44, 44, 'Corrupti quos et incidunt aliquid sint nobis nihil. Nam deleniti quae aut magnam eius. Consequatur facere voluptatem id autem vel in. Eligendi rem id sit dolore velit rerum incidunt odit.', 'Aut quo quaerat quam non commodi. Voluptatem earum soluta qui nihil rem excepturi asperiores. Enim praesentium rerum asperiores fugit temporibus dolor. Voluptas aperiam sed ex vitae aut dolores sequi.', 0, 127, '2009-11-01 01:45:17', '2014-04-06 09:23:49');
INSERT INTO `messages` (`id`, `from_user_id`, `to_user_id`, `message_header`, `message_body`, `is_delivered`, `was_edited`, `created_at`, `updated_at`) VALUES (45, 45, 45, 'Culpa fuga nisi sunt placeat officiis. Ut qui et nihil nisi. Quia in quidem aliquid quidem. Suscipit officiis iure quam maiores nisi.', 'Fuga fuga maiores sed. Voluptates ut et odit sit placeat voluptatum. Aperiam deserunt vel blanditiis et quia non debitis.', 0, 127, '1992-03-05 01:11:08', '1994-11-22 11:19:26');
INSERT INTO `messages` (`id`, `from_user_id`, `to_user_id`, `message_header`, `message_body`, `is_delivered`, `was_edited`, `created_at`, `updated_at`) VALUES (46, 46, 46, 'Quo occaecati quo voluptatem et ad. Harum nihil nulla et totam earum. Rem eaque omnis tempore voluptates molestias magnam.', 'Esse odit quae ut. Fugiat qui nihil modi perferendis et. Eligendi ut voluptates in et laborum laboriosam.', 1, 127, '2010-02-14 20:15:00', '2013-11-06 23:27:37');
INSERT INTO `messages` (`id`, `from_user_id`, `to_user_id`, `message_header`, `message_body`, `is_delivered`, `was_edited`, `created_at`, `updated_at`) VALUES (47, 47, 47, 'A unde totam molestiae excepturi. Possimus amet et ut et porro alias optio. Optio qui saepe vel saepe ipsa.', 'Consequuntur id ea ipsa eveniet eaque nesciunt quis est. Et velit aperiam laboriosam.', 0, 127, '1972-04-06 16:25:36', '2000-09-09 06:43:36');
INSERT INTO `messages` (`id`, `from_user_id`, `to_user_id`, `message_header`, `message_body`, `is_delivered`, `was_edited`, `created_at`, `updated_at`) VALUES (48, 48, 48, 'Sit quas accusantium quidem. Ullam ipsum eligendi libero. Perspiciatis et et reprehenderit cupiditate commodi. Vero explicabo est et quae adipisci cumque nemo.', 'Possimus nulla porro quisquam vel eaque aliquid quam. Recusandae vero et nostrum vero deserunt magnam. Possimus minima non debitis adipisci praesentium repudiandae quam. Et vitae quia et.', 0, 127, '1974-05-13 21:52:31', '1972-04-15 15:12:17');
INSERT INTO `messages` (`id`, `from_user_id`, `to_user_id`, `message_header`, `message_body`, `is_delivered`, `was_edited`, `created_at`, `updated_at`) VALUES (49, 49, 49, 'Aut est quam ea qui. Corporis porro ut quasi impedit. Voluptas illo explicabo dicta.', 'Dignissimos in minima qui quibusdam. Libero maiores ut velit eum rerum ad.', 1, 127, '1977-07-07 14:20:41', '2017-06-08 16:47:54');
INSERT INTO `messages` (`id`, `from_user_id`, `to_user_id`, `message_header`, `message_body`, `is_delivered`, `was_edited`, `created_at`, `updated_at`) VALUES (50, 50, 50, 'Fugiat omnis ut dignissimos et a. Hic ut totam et nihil corrupti esse cum. Autem animi quod dolorem ea perspiciatis quibusdam.', 'Labore molestiae et ipsa assumenda dolorum minima tempora. Id quo voluptatem repellat earum. Iusto sequi voluptas quis reprehenderit tempore nam qui.', 0, 127, '2014-08-26 05:26:55', '2012-01-10 12:21:14');
INSERT INTO `messages` (`id`, `from_user_id`, `to_user_id`, `message_header`, `message_body`, `is_delivered`, `was_edited`, `created_at`, `updated_at`) VALUES (51, 51, 51, 'Sapiente repudiandae est nisi quisquam. Eius architecto omnis sit et reprehenderit. Est est quisquam ab quod incidunt quisquam. Dolores laboriosam tempore eaque non temporibus.', 'Omnis voluptatibus ut ut doloremque enim itaque aliquid. Atque molestias ut distinctio saepe ut fuga est. Officia sit accusamus iure itaque ut ea aut. Voluptatem nisi nam et.', 1, 127, '1990-12-23 09:00:54', '1996-08-05 10:49:31');
INSERT INTO `messages` (`id`, `from_user_id`, `to_user_id`, `message_header`, `message_body`, `is_delivered`, `was_edited`, `created_at`, `updated_at`) VALUES (52, 52, 52, 'Et nihil voluptatem delectus. Quod mollitia corrupti minus dicta ea.', 'Dolorem modi molestias asperiores illo dolorum nihil nesciunt. Dicta ut quo minima deserunt aut enim accusantium.', 0, 127, '2019-12-03 20:28:14', '1970-12-11 08:57:20');
INSERT INTO `messages` (`id`, `from_user_id`, `to_user_id`, `message_header`, `message_body`, `is_delivered`, `was_edited`, `created_at`, `updated_at`) VALUES (53, 53, 53, 'Est et vel nesciunt. Quia quia nam aut atque. Eum possimus ex esse distinctio magnam nam. Quia dolor soluta est sint at. Numquam sit veritatis velit adipisci quia totam.', 'Cum enim quidem error pariatur incidunt sapiente. Deleniti ratione mollitia aliquid sit ab. Blanditiis nisi magni eum ea consequatur enim dolorem tempore.', 1, 127, '1990-04-04 00:15:18', '2016-03-08 21:34:11');
INSERT INTO `messages` (`id`, `from_user_id`, `to_user_id`, `message_header`, `message_body`, `is_delivered`, `was_edited`, `created_at`, `updated_at`) VALUES (54, 54, 54, 'Recusandae quaerat eius temporibus enim iusto et. Est pariatur aut sed doloribus modi aperiam.', 'Suscipit suscipit sed quis deleniti nam optio. Vel dolorem est tenetur optio id. Illo maiores consequatur maiores minus.', 1, 127, '1972-08-14 00:32:38', '2000-09-10 10:22:57');
INSERT INTO `messages` (`id`, `from_user_id`, `to_user_id`, `message_header`, `message_body`, `is_delivered`, `was_edited`, `created_at`, `updated_at`) VALUES (55, 55, 55, 'Qui voluptatem cumque ipsa. Aut vel soluta minus et sit unde. Et iste aperiam et est.', 'Aliquid ut nulla commodi sunt explicabo nemo est. A laborum et in voluptatem. Molestiae quo quasi adipisci laboriosam optio illo pariatur aperiam.', 0, 127, '1981-02-20 22:24:47', '1972-01-02 07:28:53');
INSERT INTO `messages` (`id`, `from_user_id`, `to_user_id`, `message_header`, `message_body`, `is_delivered`, `was_edited`, `created_at`, `updated_at`) VALUES (56, 56, 56, 'Labore exercitationem sit et incidunt nulla non nihil. Ea id harum et architecto quo. Eveniet itaque et ut quo.', 'Ea distinctio quia deleniti sequi tenetur autem dolorem. In repudiandae dicta laudantium non consectetur aliquam quae. Blanditiis sed fuga asperiores dicta dolores labore. Saepe aspernatur placeat est asperiores recusandae consequatur.', 1, 127, '1990-10-02 13:04:43', '1992-12-02 12:40:05');
INSERT INTO `messages` (`id`, `from_user_id`, `to_user_id`, `message_header`, `message_body`, `is_delivered`, `was_edited`, `created_at`, `updated_at`) VALUES (57, 57, 57, 'Delectus rem est quia et sint quaerat. Nemo dolor aut labore eos excepturi modi rerum. Quod assumenda repudiandae commodi magni. Qui id est in qui ut.', 'Perspiciatis reprehenderit veritatis qui. Et atque ut dolores illo soluta velit. Quis quo voluptatem id occaecati non aut quisquam.', 1, 127, '2001-01-15 12:50:12', '2020-01-06 16:15:23');
INSERT INTO `messages` (`id`, `from_user_id`, `to_user_id`, `message_header`, `message_body`, `is_delivered`, `was_edited`, `created_at`, `updated_at`) VALUES (58, 58, 58, 'Et aperiam et fugiat debitis labore non. Voluptate quod mollitia nihil sit voluptas dolorem asperiores. Ut accusamus aliquid fugit corporis molestiae non beatae modi.', 'Vel qui qui velit non dolores culpa saepe. Dolor et deserunt at sequi. Quis illo facilis dolorem corporis.', 1, 127, '1993-05-19 20:29:26', '1977-07-13 16:27:11');
INSERT INTO `messages` (`id`, `from_user_id`, `to_user_id`, `message_header`, `message_body`, `is_delivered`, `was_edited`, `created_at`, `updated_at`) VALUES (59, 59, 59, 'Quas illum laudantium quibusdam adipisci. Voluptates labore aut quia vero. Aut nobis eveniet ut doloribus sit.', 'Consequatur voluptates maiores nihil at ratione et. Maiores est velit quaerat est ipsum. Placeat in qui non et illo. Qui aspernatur animi nihil molestiae soluta cumque.', 0, 127, '1990-09-03 00:20:39', '2021-04-03 21:05:25');
INSERT INTO `messages` (`id`, `from_user_id`, `to_user_id`, `message_header`, `message_body`, `is_delivered`, `was_edited`, `created_at`, `updated_at`) VALUES (60, 60, 60, 'Nulla eaque voluptas asperiores incidunt ea. Porro dolores pariatur minima explicabo. Dolor in quia quod velit maiores ut et.', 'Consectetur eveniet incidunt nulla non voluptatem. Eveniet eos aperiam aut. Blanditiis laborum asperiores vero assumenda saepe ea non. Dolores sed saepe est recusandae repudiandae rerum exercitationem.', 0, 127, '1984-03-10 03:28:30', '1971-06-25 08:14:38');
INSERT INTO `messages` (`id`, `from_user_id`, `to_user_id`, `message_header`, `message_body`, `is_delivered`, `was_edited`, `created_at`, `updated_at`) VALUES (61, 61, 61, 'Ex qui aut voluptas sed nihil illo quis. Et rerum quam maiores consectetur nihil asperiores. Perspiciatis et et dolores atque et sapiente adipisci. Rem autem quia ratione beatae. Cum qui nihil quibusdam.', 'Consequatur officia sint non velit vel officia. Et qui at ut sed esse. Sit alias iste doloribus quia commodi error. Ea tenetur ducimus est aspernatur reiciendis enim. Rem iusto aut rem eveniet eum fugiat enim ab.', 1, 127, '1970-08-07 12:33:38', '1988-07-07 04:35:41');
INSERT INTO `messages` (`id`, `from_user_id`, `to_user_id`, `message_header`, `message_body`, `is_delivered`, `was_edited`, `created_at`, `updated_at`) VALUES (62, 62, 62, 'Sapiente nostrum nisi et. Quia ex beatae necessitatibus necessitatibus commodi impedit architecto. Harum esse qui hic ipsa consequatur odio.', 'Quas temporibus quos aut asperiores ut. Nihil vitae soluta magni aut et. Corporis aut adipisci et consequuntur fuga temporibus saepe est. Non placeat veniam inventore rerum maiores provident.', 1, 127, '1974-03-25 14:22:57', '1975-08-26 06:49:30');
INSERT INTO `messages` (`id`, `from_user_id`, `to_user_id`, `message_header`, `message_body`, `is_delivered`, `was_edited`, `created_at`, `updated_at`) VALUES (63, 63, 63, 'Eligendi rem recusandae itaque. Facere numquam eaque et. Natus sapiente repudiandae quia voluptas vel laudantium ut. At est qui in ipsum. Temporibus sunt ex aut maxime commodi totam.', 'Quia sit fugiat sed non distinctio cumque tempore ea. Iure laudantium neque cum assumenda qui in. Rerum laudantium et impedit. Eos non aut esse nulla. Molestias qui quos nulla dolores.', 0, 127, '1992-03-08 13:51:46', '1978-04-21 19:56:36');
INSERT INTO `messages` (`id`, `from_user_id`, `to_user_id`, `message_header`, `message_body`, `is_delivered`, `was_edited`, `created_at`, `updated_at`) VALUES (64, 64, 64, 'Voluptatem ipsa provident est tempore ducimus. Porro aperiam ut fuga deleniti iusto. Nemo iusto omnis dignissimos vel sequi. Nostrum non natus accusantium.', 'Quo architecto est recusandae iste. Distinctio omnis quibusdam ducimus. Dolores molestiae voluptas repellendus sapiente ratione.', 1, 127, '1983-08-19 12:42:26', '1987-11-09 07:35:10');
INSERT INTO `messages` (`id`, `from_user_id`, `to_user_id`, `message_header`, `message_body`, `is_delivered`, `was_edited`, `created_at`, `updated_at`) VALUES (65, 65, 65, 'Consequatur amet eligendi possimus modi non. Accusantium officiis commodi repellat pariatur consequatur porro aspernatur quae. Est veritatis quia deleniti quis.', 'Ratione exercitationem cupiditate atque fuga expedita. Explicabo perspiciatis id eos quis odio libero non. Esse minima dolor porro consequatur. Officiis et dolores a necessitatibus illo.', 0, 127, '2011-04-20 17:50:47', '1973-04-21 08:52:46');
INSERT INTO `messages` (`id`, `from_user_id`, `to_user_id`, `message_header`, `message_body`, `is_delivered`, `was_edited`, `created_at`, `updated_at`) VALUES (66, 66, 66, 'Voluptate suscipit sunt commodi saepe ut voluptatem. Deserunt est nemo rem quod et quisquam atque.', 'Quisquam harum eius nesciunt a officia consequatur. Assumenda quisquam enim rerum repellendus et aperiam dolore illo. Nisi numquam voluptatem nihil vero veritatis. Voluptatem dolores velit impedit minima dolorem.', 1, 127, '2013-03-22 17:04:42', '1997-11-12 15:20:01');
INSERT INTO `messages` (`id`, `from_user_id`, `to_user_id`, `message_header`, `message_body`, `is_delivered`, `was_edited`, `created_at`, `updated_at`) VALUES (67, 67, 67, 'Animi nihil in dolor eveniet non distinctio itaque. Corrupti a nulla et et porro temporibus. Officiis quos vero fuga vel neque quis distinctio. Ut quo et sed voluptatem eum. Incidunt facilis eos et ut aperiam et eveniet.', 'Laborum rerum et eum ea eaque. Ex delectus omnis laboriosam fuga et a est doloribus.', 1, 127, '2009-09-02 20:51:12', '1992-02-25 09:56:50');
INSERT INTO `messages` (`id`, `from_user_id`, `to_user_id`, `message_header`, `message_body`, `is_delivered`, `was_edited`, `created_at`, `updated_at`) VALUES (68, 68, 68, 'Voluptatem itaque cumque nulla et. Non dolorem nesciunt provident voluptatibus ratione dicta. Culpa dolor aut ut fugit.', 'Molestiae natus dolorem doloremque vel necessitatibus. Fugit mollitia voluptatem aut et sequi reiciendis officia. Cumque a molestias ut corrupti.', 1, 127, '1992-10-08 12:12:20', '1973-12-01 06:39:48');
INSERT INTO `messages` (`id`, `from_user_id`, `to_user_id`, `message_header`, `message_body`, `is_delivered`, `was_edited`, `created_at`, `updated_at`) VALUES (69, 69, 69, 'Itaque accusantium rerum quia ullam molestias iste molestiae. Quia cupiditate et occaecati vel quo architecto. Repellendus vel sed tenetur.', 'Eveniet nesciunt harum vero rerum ipsum officia. Vero voluptatum et in et. Commodi recusandae natus non earum ut ad saepe asperiores.', 0, 127, '2019-07-01 11:35:59', '2014-11-03 20:52:01');
INSERT INTO `messages` (`id`, `from_user_id`, `to_user_id`, `message_header`, `message_body`, `is_delivered`, `was_edited`, `created_at`, `updated_at`) VALUES (70, 70, 70, 'Ut fugit sint nam. Consectetur dolores provident dolorem voluptatem sed. Eos minus deserunt dolores consequuntur minima.', 'In excepturi est at sint. Dolor libero dolorem aut necessitatibus. Nisi quia expedita odit explicabo repellendus. Et quia velit expedita consequatur minus.', 0, 127, '2019-02-25 03:47:46', '2010-09-09 12:06:22');
INSERT INTO `messages` (`id`, `from_user_id`, `to_user_id`, `message_header`, `message_body`, `is_delivered`, `was_edited`, `created_at`, `updated_at`) VALUES (71, 71, 71, 'Ea non quis explicabo et aspernatur porro. Sed perspiciatis sapiente vero et ut suscipit autem facilis.', 'Consequatur fugit laudantium voluptas enim molestiae. Commodi eveniet numquam dolorem quae molestiae et. Facilis ea vel consequatur quia quibusdam repellendus velit. Optio numquam dolores deleniti nesciunt est. Incidunt nostrum est occaecati consequatur aperiam dolore qui aut.', 1, 127, '1997-09-18 06:25:33', '1983-09-01 17:15:43');
INSERT INTO `messages` (`id`, `from_user_id`, `to_user_id`, `message_header`, `message_body`, `is_delivered`, `was_edited`, `created_at`, `updated_at`) VALUES (72, 72, 72, 'Est tenetur reprehenderit ut asperiores. Commodi aut quibusdam vel recusandae. Itaque illum dolorem ut consectetur cupiditate.', 'Atque ut sint quis. Ut incidunt sit consequatur consequatur. Ut aperiam voluptatum ex sed aut sed.', 1, 127, '1987-10-13 06:35:18', '2009-05-07 09:36:29');
INSERT INTO `messages` (`id`, `from_user_id`, `to_user_id`, `message_header`, `message_body`, `is_delivered`, `was_edited`, `created_at`, `updated_at`) VALUES (73, 73, 73, 'Quae at facere ducimus sapiente omnis. Harum enim molestiae et voluptatem. Labore tenetur atque assumenda earum accusantium. Distinctio aliquam eum molestias incidunt.', 'Sit sint perferendis totam fugiat quod. Fuga quis reprehenderit quae illo aspernatur facilis quas corrupti. Est enim in corrupti rerum qui enim quisquam dolores. Molestiae aut iure magni tempore commodi aliquid.', 1, 127, '2006-06-04 18:38:49', '1979-02-24 19:08:45');
INSERT INTO `messages` (`id`, `from_user_id`, `to_user_id`, `message_header`, `message_body`, `is_delivered`, `was_edited`, `created_at`, `updated_at`) VALUES (74, 74, 74, 'Ut natus modi quia non earum et non. Voluptas fugiat perferendis voluptatem ipsam. Ad fugiat eveniet consequuntur qui. Dolorem laborum ducimus dolor sed quod nemo.', 'Quis minus tempora ea quibusdam quaerat deleniti perferendis. Maiores nihil officia explicabo minus sint omnis velit. Sequi asperiores ducimus ipsam est atque. Nisi repellat nihil ratione.', 0, 127, '1998-07-29 02:10:51', '2013-01-31 13:48:49');
INSERT INTO `messages` (`id`, `from_user_id`, `to_user_id`, `message_header`, `message_body`, `is_delivered`, `was_edited`, `created_at`, `updated_at`) VALUES (75, 75, 75, 'Quia iste doloribus maiores necessitatibus sint. Veritatis sint quos saepe quam quas cupiditate. Ut sit autem nemo rerum optio distinctio ut eligendi. Consequatur ipsa sed nihil accusamus impedit expedita sed.', 'Quo impedit nam culpa aperiam assumenda similique et. Dignissimos ea voluptas tempore amet aut unde.', 0, 127, '1997-01-07 13:59:11', '1988-01-14 16:19:05');
INSERT INTO `messages` (`id`, `from_user_id`, `to_user_id`, `message_header`, `message_body`, `is_delivered`, `was_edited`, `created_at`, `updated_at`) VALUES (76, 76, 76, 'Sapiente quae sed id facilis tempore occaecati. Ab corrupti quia minus iure distinctio. Sed error nam magni.', 'Quia accusantium consequatur officia aut perspiciatis. Quos consequatur qui vitae et at. Laudantium ea reiciendis assumenda non voluptatem ad explicabo.', 1, 127, '1973-07-24 04:33:24', '2009-12-21 11:04:59');
INSERT INTO `messages` (`id`, `from_user_id`, `to_user_id`, `message_header`, `message_body`, `is_delivered`, `was_edited`, `created_at`, `updated_at`) VALUES (77, 77, 77, 'Eos numquam voluptas quod quidem hic. Sint id praesentium voluptatem esse facere. Numquam facere consequatur voluptas corporis culpa architecto. Ut dolores velit asperiores dolores omnis distinctio adipisci.', 'Dolor ea explicabo enim et magni. Ullam exercitationem perspiciatis earum est quia nihil molestias numquam. Quia voluptas molestiae voluptas ad placeat quisquam. Distinctio quaerat debitis recusandae rerum dignissimos hic.', 1, 127, '2002-12-14 07:58:40', '1982-10-17 17:46:32');
INSERT INTO `messages` (`id`, `from_user_id`, `to_user_id`, `message_header`, `message_body`, `is_delivered`, `was_edited`, `created_at`, `updated_at`) VALUES (78, 78, 78, 'Accusantium alias magni consectetur error. Dolores minus dolor in vel doloremque. Nihil assumenda hic itaque voluptatem qui eum sequi.', 'Vel debitis et non odit esse ut aperiam. Deserunt autem dolores in placeat distinctio. Placeat vero itaque rem ea animi consequatur qui iure.', 0, 127, '2012-12-07 04:49:02', '1975-05-20 11:42:26');
INSERT INTO `messages` (`id`, `from_user_id`, `to_user_id`, `message_header`, `message_body`, `is_delivered`, `was_edited`, `created_at`, `updated_at`) VALUES (79, 79, 79, 'Omnis quo tenetur inventore modi aspernatur. Expedita voluptate at explicabo accusantium in. Dignissimos autem et similique sit odio quos dolor. Sit laborum reprehenderit voluptas provident aliquid.', 'At eveniet molestias repellat consequatur dolores impedit nihil. Voluptas nulla corrupti a reiciendis ipsa vel. Rerum quas itaque ducimus vel.', 1, 127, '2018-03-03 09:18:07', '1972-08-13 01:25:50');
INSERT INTO `messages` (`id`, `from_user_id`, `to_user_id`, `message_header`, `message_body`, `is_delivered`, `was_edited`, `created_at`, `updated_at`) VALUES (80, 80, 80, 'Voluptatum qui voluptatum porro eius qui qui temporibus. Eum iusto autem pariatur nesciunt est. Facere nemo reiciendis consequatur aut sequi est fugiat veritatis. Voluptatum laborum asperiores voluptatem dolores voluptatum.', 'Voluptatem doloremque a aut esse. Reiciendis qui repudiandae nostrum amet id est tenetur. Ullam delectus cupiditate quia est.', 1, 127, '2020-03-31 16:42:35', '2001-05-14 12:38:39');
INSERT INTO `messages` (`id`, `from_user_id`, `to_user_id`, `message_header`, `message_body`, `is_delivered`, `was_edited`, `created_at`, `updated_at`) VALUES (81, 81, 81, 'Amet nostrum tempora aspernatur. Omnis neque non veritatis eum. Nobis in aut iure molestiae. Atque doloribus quae et temporibus quod.', 'Id temporibus sit accusamus officiis doloremque ipsum autem laboriosam. Voluptatum numquam in odio possimus error omnis. Officia in quos blanditiis aspernatur.', 0, 127, '2010-07-19 03:39:04', '1994-01-27 03:34:27');
INSERT INTO `messages` (`id`, `from_user_id`, `to_user_id`, `message_header`, `message_body`, `is_delivered`, `was_edited`, `created_at`, `updated_at`) VALUES (82, 82, 82, 'Beatae voluptatem amet labore ut sit corrupti magnam est. Ratione dolor autem laudantium cupiditate. Doloribus ut minima cum porro molestiae a est. Deserunt eveniet illo hic ut qui aut.', 'Omnis voluptatem voluptas deleniti est eum. Corrupti maxime quidem earum tempore. Sit voluptatem placeat nostrum sed maxime aut in. Dolor at odit inventore fuga rerum est.', 1, 127, '1986-01-18 01:59:02', '2009-03-22 16:18:32');
INSERT INTO `messages` (`id`, `from_user_id`, `to_user_id`, `message_header`, `message_body`, `is_delivered`, `was_edited`, `created_at`, `updated_at`) VALUES (83, 83, 83, 'Aut quia autem dolores minima repellendus ut qui. Quidem recusandae necessitatibus doloremque. Sint cum id optio debitis incidunt placeat. Aut aut at a et voluptatum aliquid ut.', 'Tenetur sunt saepe asperiores omnis laboriosam. Corporis harum esse aperiam. Corporis neque voluptatem in harum. Dicta illo id enim autem.', 1, 127, '1994-10-30 18:42:28', '2017-11-26 15:16:30');
INSERT INTO `messages` (`id`, `from_user_id`, `to_user_id`, `message_header`, `message_body`, `is_delivered`, `was_edited`, `created_at`, `updated_at`) VALUES (84, 84, 84, 'Et quos dolores voluptas sit perspiciatis impedit nihil. Tenetur natus dicta at blanditiis.', 'Repellendus velit voluptate quasi unde. Est sint et amet nam illum. Nobis molestiae voluptates nobis repellat molestiae.', 1, 127, '1979-06-30 00:59:50', '1976-05-14 10:44:16');
INSERT INTO `messages` (`id`, `from_user_id`, `to_user_id`, `message_header`, `message_body`, `is_delivered`, `was_edited`, `created_at`, `updated_at`) VALUES (85, 85, 85, 'Omnis ipsa omnis dignissimos dolores sunt. Odit nihil qui corporis aut.', 'Praesentium natus perferendis sunt fuga. Amet quo alias tempora impedit. Et qui neque vel et incidunt velit.', 1, 127, '2001-06-28 05:37:41', '1985-02-07 09:36:57');
INSERT INTO `messages` (`id`, `from_user_id`, `to_user_id`, `message_header`, `message_body`, `is_delivered`, `was_edited`, `created_at`, `updated_at`) VALUES (86, 86, 86, 'Aperiam nobis eligendi ullam sint repellat laborum et. Ut modi quaerat repellendus cupiditate libero. Et non et sint officia.', 'Vitae vitae et aut. Consequatur commodi ex est culpa quod blanditiis voluptatem. Aliquam impedit magni autem dicta soluta. Iste dolor et iste blanditiis occaecati et harum.', 1, 127, '2010-07-20 12:02:14', '2013-08-28 01:04:30');
INSERT INTO `messages` (`id`, `from_user_id`, `to_user_id`, `message_header`, `message_body`, `is_delivered`, `was_edited`, `created_at`, `updated_at`) VALUES (87, 87, 87, 'Alias maxime et omnis consequatur suscipit soluta ut. Occaecati saepe corporis id.', 'Adipisci similique possimus ex ea. Sunt iure et ut laudantium. Eos doloribus excepturi quia suscipit qui vitae debitis est.', 0, 127, '1989-04-05 07:41:01', '2000-09-02 13:59:40');
INSERT INTO `messages` (`id`, `from_user_id`, `to_user_id`, `message_header`, `message_body`, `is_delivered`, `was_edited`, `created_at`, `updated_at`) VALUES (88, 88, 88, 'Aut voluptate iste quia illum. Iusto omnis et iste repellat. Est quibusdam vel expedita quidem. Molestiae quis et cupiditate voluptas.', 'Accusamus aut omnis et id rerum iusto. Aut quas ducimus ab sed. Autem natus id unde deleniti.', 0, 127, '1998-02-23 18:02:42', '1992-04-21 00:31:11');
INSERT INTO `messages` (`id`, `from_user_id`, `to_user_id`, `message_header`, `message_body`, `is_delivered`, `was_edited`, `created_at`, `updated_at`) VALUES (89, 89, 89, 'Distinctio ea et voluptatem ea ipsa nemo molestias. Illo voluptas officia aperiam et dolores molestiae ut. Est excepturi voluptatem eveniet aspernatur ea quis. Soluta beatae vel asperiores quo. Eaque modi ipsa ratione dignissimos.', 'Quasi sunt officiis sed repellat. Sapiente error eveniet expedita nisi. Laudantium laborum corporis fuga ut est illo molestiae. Voluptatem aut quidem soluta culpa beatae voluptatem.', 0, 127, '1986-12-11 21:25:15', '2010-12-27 04:32:26');
INSERT INTO `messages` (`id`, `from_user_id`, `to_user_id`, `message_header`, `message_body`, `is_delivered`, `was_edited`, `created_at`, `updated_at`) VALUES (90, 90, 90, 'Et asperiores ut quos totam vitae. Fuga sit et delectus et nihil. Distinctio iste unde porro consequatur. Suscipit libero excepturi laborum culpa. Enim ut voluptatem commodi pariatur reiciendis at ipsa.', 'Ut nisi odit inventore molestias iure dolor assumenda. Ea aspernatur non animi illum eligendi in rem. Voluptatibus cupiditate et minus vel aut a fuga. Nisi dolore in laboriosam est sunt nihil qui ducimus.', 0, 127, '1995-02-09 00:47:43', '1971-09-20 01:33:08');
INSERT INTO `messages` (`id`, `from_user_id`, `to_user_id`, `message_header`, `message_body`, `is_delivered`, `was_edited`, `created_at`, `updated_at`) VALUES (91, 91, 91, 'Molestiae rem labore voluptatem omnis explicabo. Nostrum repellat repellendus dolorem alias autem corporis voluptatem. Laudantium labore est enim impedit et repudiandae libero. Voluptatem voluptatem consequuntur inventore.', 'Et nobis saepe perspiciatis similique. Ut eveniet aut id et aliquam. In numquam quia voluptates magni optio officiis.', 0, 127, '1988-08-08 08:19:48', '2003-10-26 16:01:46');
INSERT INTO `messages` (`id`, `from_user_id`, `to_user_id`, `message_header`, `message_body`, `is_delivered`, `was_edited`, `created_at`, `updated_at`) VALUES (92, 92, 92, 'Est eligendi a nemo eum aperiam. Omnis enim quia atque voluptas quia fuga vel beatae. Quam debitis doloremque officiis nulla.', 'Alias consequatur in fugit laudantium culpa. Harum rerum nihil et voluptatem ut est. Ratione soluta velit qui eaque molestiae et et eius.', 0, 127, '1995-07-01 00:14:50', '1991-01-17 12:51:26');
INSERT INTO `messages` (`id`, `from_user_id`, `to_user_id`, `message_header`, `message_body`, `is_delivered`, `was_edited`, `created_at`, `updated_at`) VALUES (93, 93, 93, 'Maiores dolorem quia autem molestiae. Nulla sed deleniti et eius et. Eius asperiores ad assumenda error et tempora velit voluptatem.', 'Sint omnis ad consequatur officia beatae ipsam. Doloremque sit at dolores officia et deleniti recusandae. Temporibus maiores et explicabo numquam impedit facere iure. Quis laborum nihil quia officiis non sit aperiam et.', 0, 127, '1972-10-28 10:20:17', '1995-12-09 03:57:20');
INSERT INTO `messages` (`id`, `from_user_id`, `to_user_id`, `message_header`, `message_body`, `is_delivered`, `was_edited`, `created_at`, `updated_at`) VALUES (94, 94, 94, 'Et ut quas at minus aliquam quia. Consequatur harum qui hic dolore. Reiciendis est aliquid sit expedita inventore ut debitis. Aut ipsa quidem non doloribus nihil aut accusamus.', 'Sit quia est tenetur harum numquam aliquam. Ratione perspiciatis ea perferendis consequatur eum aut molestiae. Natus aut nulla aliquam officiis a. Dolores placeat nulla veritatis enim.', 1, 127, '1980-10-17 19:15:25', '2015-01-02 07:32:00');
INSERT INTO `messages` (`id`, `from_user_id`, `to_user_id`, `message_header`, `message_body`, `is_delivered`, `was_edited`, `created_at`, `updated_at`) VALUES (95, 95, 95, 'Itaque dolore deserunt dolorem et. Ipsum cumque nobis cumque. Dolorem eum sapiente omnis alias doloribus. Fugiat nobis illum quisquam dolorum sed id.', 'Sunt eum cupiditate culpa hic. Eum voluptate sed aperiam esse distinctio. Tempora voluptatem aut a repudiandae doloribus. Commodi ipsum dolorum aliquam qui ratione qui est quo.', 0, 127, '1985-10-21 05:24:59', '1991-05-11 17:58:27');
INSERT INTO `messages` (`id`, `from_user_id`, `to_user_id`, `message_header`, `message_body`, `is_delivered`, `was_edited`, `created_at`, `updated_at`) VALUES (96, 96, 96, 'Fugit et exercitationem necessitatibus maiores sint velit. Perferendis quibusdam eos aut hic fuga. Et molestiae voluptatem dignissimos exercitationem. Maiores et sequi repellat impedit tenetur incidunt repellat id.', 'Aut et eum enim atque sint quia. Voluptatum natus autem optio maiores aut aut autem. Similique cumque autem inventore qui est consectetur.', 1, 127, '2012-03-02 19:47:43', '1990-05-08 04:20:43');
INSERT INTO `messages` (`id`, `from_user_id`, `to_user_id`, `message_header`, `message_body`, `is_delivered`, `was_edited`, `created_at`, `updated_at`) VALUES (97, 97, 97, 'Libero molestiae aliquam placeat maxime aut assumenda velit commodi. Accusamus architecto est delectus ducimus iure illo dicta. Dolor illo est quos neque officiis.', 'Aut totam quia adipisci nihil iste aut recusandae quas. Illo incidunt temporibus repellendus consequatur quia et aut. Nemo sint aut sed voluptas.', 1, 127, '1983-08-26 19:34:08', '2014-04-09 18:35:57');
INSERT INTO `messages` (`id`, `from_user_id`, `to_user_id`, `message_header`, `message_body`, `is_delivered`, `was_edited`, `created_at`, `updated_at`) VALUES (98, 98, 98, 'Quo quo ex et dolorem impedit velit. Est perspiciatis est eaque harum. Aspernatur sed sit qui.', 'Quis et eum nihil repudiandae quis. Aspernatur id similique occaecati quaerat. Porro et sequi sit exercitationem velit beatae non. Quis facilis vel perferendis sed molestiae.', 0, 127, '1973-01-21 02:03:57', '2018-03-23 16:04:28');
INSERT INTO `messages` (`id`, `from_user_id`, `to_user_id`, `message_header`, `message_body`, `is_delivered`, `was_edited`, `created_at`, `updated_at`) VALUES (99, 99, 99, 'Quia et aut natus laboriosam suscipit rerum. Perspiciatis placeat autem cumque sit voluptatibus voluptatum odit eaque. At voluptatem perspiciatis unde dolores ut sit itaque. Et quaerat itaque quod suscipit ut iure.', 'Ut rerum est rem cupiditate in eius. Qui veritatis voluptatem non aut. Quasi eaque et temporibus debitis iure.', 0, 127, '2020-11-28 14:31:47', '2017-10-17 14:07:34');
INSERT INTO `messages` (`id`, `from_user_id`, `to_user_id`, `message_header`, `message_body`, `is_delivered`, `was_edited`, `created_at`, `updated_at`) VALUES (100, 100, 100, 'Incidunt earum dolor maxime reprehenderit explicabo excepturi et. Culpa neque numquam doloribus voluptates quam temporibus. Dolore ipsum labore sit officia voluptates.', 'Excepturi dolores eos accusantium nam vitae. Necessitatibus at nam non deleniti distinctio. Enim voluptates magni odit qui et delectus asperiores. Accusantium nostrum placeat libero quia blanditiis voluptatum assumenda.', 0, 127, '1988-08-21 12:59:48', '1999-07-02 15:01:13');



INSERT INTO `post_media` (`media_id`, `post_id`) VALUES (1, 1);
INSERT INTO `post_media` (`media_id`, `post_id`) VALUES (2, 2);
INSERT INTO `post_media` (`media_id`, `post_id`) VALUES (3, 3);
INSERT INTO `post_media` (`media_id`, `post_id`) VALUES (4, 4);
INSERT INTO `post_media` (`media_id`, `post_id`) VALUES (5, 5);
INSERT INTO `post_media` (`media_id`, `post_id`) VALUES (6, 6);
INSERT INTO `post_media` (`media_id`, `post_id`) VALUES (7, 7);
INSERT INTO `post_media` (`media_id`, `post_id`) VALUES (8, 8);
INSERT INTO `post_media` (`media_id`, `post_id`) VALUES (9, 9);
INSERT INTO `post_media` (`media_id`, `post_id`) VALUES (10, 10);
INSERT INTO `post_media` (`media_id`, `post_id`) VALUES (11, 11);
INSERT INTO `post_media` (`media_id`, `post_id`) VALUES (12, 12);
INSERT INTO `post_media` (`media_id`, `post_id`) VALUES (13, 13);
INSERT INTO `post_media` (`media_id`, `post_id`) VALUES (14, 14);
INSERT INTO `post_media` (`media_id`, `post_id`) VALUES (15, 15);
INSERT INTO `post_media` (`media_id`, `post_id`) VALUES (16, 16);
INSERT INTO `post_media` (`media_id`, `post_id`) VALUES (17, 17);
INSERT INTO `post_media` (`media_id`, `post_id`) VALUES (18, 18);
INSERT INTO `post_media` (`media_id`, `post_id`) VALUES (19, 19);
INSERT INTO `post_media` (`media_id`, `post_id`) VALUES (20, 20);
INSERT INTO `post_media` (`media_id`, `post_id`) VALUES (21, 21);
INSERT INTO `post_media` (`media_id`, `post_id`) VALUES (22, 22);
INSERT INTO `post_media` (`media_id`, `post_id`) VALUES (23, 23);
INSERT INTO `post_media` (`media_id`, `post_id`) VALUES (24, 24);
INSERT INTO `post_media` (`media_id`, `post_id`) VALUES (25, 25);
INSERT INTO `post_media` (`media_id`, `post_id`) VALUES (26, 26);
INSERT INTO `post_media` (`media_id`, `post_id`) VALUES (27, 27);
INSERT INTO `post_media` (`media_id`, `post_id`) VALUES (28, 28);
INSERT INTO `post_media` (`media_id`, `post_id`) VALUES (29, 29);
INSERT INTO `post_media` (`media_id`, `post_id`) VALUES (30, 30);
INSERT INTO `post_media` (`media_id`, `post_id`) VALUES (31, 31);
INSERT INTO `post_media` (`media_id`, `post_id`) VALUES (32, 32);
INSERT INTO `post_media` (`media_id`, `post_id`) VALUES (33, 33);
INSERT INTO `post_media` (`media_id`, `post_id`) VALUES (34, 34);
INSERT INTO `post_media` (`media_id`, `post_id`) VALUES (35, 35);
INSERT INTO `post_media` (`media_id`, `post_id`) VALUES (36, 36);
INSERT INTO `post_media` (`media_id`, `post_id`) VALUES (37, 37);
INSERT INTO `post_media` (`media_id`, `post_id`) VALUES (38, 38);
INSERT INTO `post_media` (`media_id`, `post_id`) VALUES (39, 39);
INSERT INTO `post_media` (`media_id`, `post_id`) VALUES (40, 40);
INSERT INTO `post_media` (`media_id`, `post_id`) VALUES (41, 41);
INSERT INTO `post_media` (`media_id`, `post_id`) VALUES (42, 42);
INSERT INTO `post_media` (`media_id`, `post_id`) VALUES (43, 43);
INSERT INTO `post_media` (`media_id`, `post_id`) VALUES (44, 44);
INSERT INTO `post_media` (`media_id`, `post_id`) VALUES (45, 45);
INSERT INTO `post_media` (`media_id`, `post_id`) VALUES (46, 46);
INSERT INTO `post_media` (`media_id`, `post_id`) VALUES (47, 47);
INSERT INTO `post_media` (`media_id`, `post_id`) VALUES (48, 48);
INSERT INTO `post_media` (`media_id`, `post_id`) VALUES (49, 49);
INSERT INTO `post_media` (`media_id`, `post_id`) VALUES (50, 50);
INSERT INTO `post_media` (`media_id`, `post_id`) VALUES (51, 51);
INSERT INTO `post_media` (`media_id`, `post_id`) VALUES (52, 52);
INSERT INTO `post_media` (`media_id`, `post_id`) VALUES (53, 53);
INSERT INTO `post_media` (`media_id`, `post_id`) VALUES (54, 54);
INSERT INTO `post_media` (`media_id`, `post_id`) VALUES (55, 55);
INSERT INTO `post_media` (`media_id`, `post_id`) VALUES (56, 56);
INSERT INTO `post_media` (`media_id`, `post_id`) VALUES (57, 57);
INSERT INTO `post_media` (`media_id`, `post_id`) VALUES (58, 58);
INSERT INTO `post_media` (`media_id`, `post_id`) VALUES (59, 59);
INSERT INTO `post_media` (`media_id`, `post_id`) VALUES (60, 60);
INSERT INTO `post_media` (`media_id`, `post_id`) VALUES (61, 61);
INSERT INTO `post_media` (`media_id`, `post_id`) VALUES (62, 62);
INSERT INTO `post_media` (`media_id`, `post_id`) VALUES (63, 63);
INSERT INTO `post_media` (`media_id`, `post_id`) VALUES (64, 64);
INSERT INTO `post_media` (`media_id`, `post_id`) VALUES (65, 65);
INSERT INTO `post_media` (`media_id`, `post_id`) VALUES (66, 66);
INSERT INTO `post_media` (`media_id`, `post_id`) VALUES (67, 67);
INSERT INTO `post_media` (`media_id`, `post_id`) VALUES (68, 68);
INSERT INTO `post_media` (`media_id`, `post_id`) VALUES (69, 69);
INSERT INTO `post_media` (`media_id`, `post_id`) VALUES (70, 70);
INSERT INTO `post_media` (`media_id`, `post_id`) VALUES (71, 71);
INSERT INTO `post_media` (`media_id`, `post_id`) VALUES (72, 72);
INSERT INTO `post_media` (`media_id`, `post_id`) VALUES (73, 73);
INSERT INTO `post_media` (`media_id`, `post_id`) VALUES (74, 74);
INSERT INTO `post_media` (`media_id`, `post_id`) VALUES (75, 75);
INSERT INTO `post_media` (`media_id`, `post_id`) VALUES (76, 76);
INSERT INTO `post_media` (`media_id`, `post_id`) VALUES (77, 77);
INSERT INTO `post_media` (`media_id`, `post_id`) VALUES (78, 78);
INSERT INTO `post_media` (`media_id`, `post_id`) VALUES (79, 79);
INSERT INTO `post_media` (`media_id`, `post_id`) VALUES (80, 80);
INSERT INTO `post_media` (`media_id`, `post_id`) VALUES (81, 81);
INSERT INTO `post_media` (`media_id`, `post_id`) VALUES (82, 82);
INSERT INTO `post_media` (`media_id`, `post_id`) VALUES (83, 83);
INSERT INTO `post_media` (`media_id`, `post_id`) VALUES (84, 84);
INSERT INTO `post_media` (`media_id`, `post_id`) VALUES (85, 85);
INSERT INTO `post_media` (`media_id`, `post_id`) VALUES (86, 86);
INSERT INTO `post_media` (`media_id`, `post_id`) VALUES (87, 87);
INSERT INTO `post_media` (`media_id`, `post_id`) VALUES (88, 88);
INSERT INTO `post_media` (`media_id`, `post_id`) VALUES (89, 89);
INSERT INTO `post_media` (`media_id`, `post_id`) VALUES (90, 90);
INSERT INTO `post_media` (`media_id`, `post_id`) VALUES (91, 91);
INSERT INTO `post_media` (`media_id`, `post_id`) VALUES (92, 92);
INSERT INTO `post_media` (`media_id`, `post_id`) VALUES (93, 93);
INSERT INTO `post_media` (`media_id`, `post_id`) VALUES (94, 94);
INSERT INTO `post_media` (`media_id`, `post_id`) VALUES (95, 95);
INSERT INTO `post_media` (`media_id`, `post_id`) VALUES (96, 96);
INSERT INTO `post_media` (`media_id`, `post_id`) VALUES (97, 97);
INSERT INTO `post_media` (`media_id`, `post_id`) VALUES (98, 98);
INSERT INTO `post_media` (`media_id`, `post_id`) VALUES (99, 99);
INSERT INTO `post_media` (`media_id`, `post_id`) VALUES (100, 100);


INSERT INTO `user_posts` (`post_id`, `user_id`, `created_at`) VALUES (1, 1, '1996-09-09 12:38:30');
INSERT INTO `user_posts` (`post_id`, `user_id`, `created_at`) VALUES (2, 2, '2003-11-27 07:12:39');
INSERT INTO `user_posts` (`post_id`, `user_id`, `created_at`) VALUES (3, 3, '2005-08-17 12:16:10');
INSERT INTO `user_posts` (`post_id`, `user_id`, `created_at`) VALUES (4, 4, '2011-08-02 12:04:57');
INSERT INTO `user_posts` (`post_id`, `user_id`, `created_at`) VALUES (5, 5, '2005-07-05 06:32:51');
INSERT INTO `user_posts` (`post_id`, `user_id`, `created_at`) VALUES (6, 6, '1989-11-25 15:47:54');
INSERT INTO `user_posts` (`post_id`, `user_id`, `created_at`) VALUES (7, 7, '1993-01-04 21:01:42');
INSERT INTO `user_posts` (`post_id`, `user_id`, `created_at`) VALUES (8, 8, '2006-11-19 05:56:21');
INSERT INTO `user_posts` (`post_id`, `user_id`, `created_at`) VALUES (9, 9, '2012-11-04 20:29:22');
INSERT INTO `user_posts` (`post_id`, `user_id`, `created_at`) VALUES (10, 10, '1976-09-10 14:50:41');
INSERT INTO `user_posts` (`post_id`, `user_id`, `created_at`) VALUES (11, 11, '1988-04-16 17:14:06');
INSERT INTO `user_posts` (`post_id`, `user_id`, `created_at`) VALUES (12, 12, '1985-08-03 02:03:33');
INSERT INTO `user_posts` (`post_id`, `user_id`, `created_at`) VALUES (13, 13, '1977-11-05 21:27:00');
INSERT INTO `user_posts` (`post_id`, `user_id`, `created_at`) VALUES (14, 14, '1995-10-28 21:02:25');
INSERT INTO `user_posts` (`post_id`, `user_id`, `created_at`) VALUES (15, 15, '2019-09-16 05:58:16');
INSERT INTO `user_posts` (`post_id`, `user_id`, `created_at`) VALUES (16, 16, '2000-12-19 03:11:05');
INSERT INTO `user_posts` (`post_id`, `user_id`, `created_at`) VALUES (17, 17, '1993-01-12 11:12:54');
INSERT INTO `user_posts` (`post_id`, `user_id`, `created_at`) VALUES (18, 18, '1977-01-05 03:49:04');
INSERT INTO `user_posts` (`post_id`, `user_id`, `created_at`) VALUES (19, 19, '2010-07-12 18:27:44');
INSERT INTO `user_posts` (`post_id`, `user_id`, `created_at`) VALUES (20, 20, '1982-02-01 00:42:35');
INSERT INTO `user_posts` (`post_id`, `user_id`, `created_at`) VALUES (21, 21, '1971-06-11 14:34:30');
INSERT INTO `user_posts` (`post_id`, `user_id`, `created_at`) VALUES (22, 22, '1987-05-03 11:24:25');
INSERT INTO `user_posts` (`post_id`, `user_id`, `created_at`) VALUES (23, 23, '2019-05-31 20:59:34');
INSERT INTO `user_posts` (`post_id`, `user_id`, `created_at`) VALUES (24, 24, '1977-09-23 10:18:30');
INSERT INTO `user_posts` (`post_id`, `user_id`, `created_at`) VALUES (25, 25, '1975-09-01 07:20:57');
INSERT INTO `user_posts` (`post_id`, `user_id`, `created_at`) VALUES (26, 26, '2000-01-07 10:33:21');
INSERT INTO `user_posts` (`post_id`, `user_id`, `created_at`) VALUES (27, 27, '2008-02-08 07:09:15');
INSERT INTO `user_posts` (`post_id`, `user_id`, `created_at`) VALUES (28, 28, '1993-09-30 17:43:51');
INSERT INTO `user_posts` (`post_id`, `user_id`, `created_at`) VALUES (29, 29, '1999-07-16 12:03:10');
INSERT INTO `user_posts` (`post_id`, `user_id`, `created_at`) VALUES (30, 30, '2000-10-07 04:31:33');
INSERT INTO `user_posts` (`post_id`, `user_id`, `created_at`) VALUES (31, 31, '1989-12-05 13:35:15');
INSERT INTO `user_posts` (`post_id`, `user_id`, `created_at`) VALUES (32, 32, '1998-03-26 15:54:41');
INSERT INTO `user_posts` (`post_id`, `user_id`, `created_at`) VALUES (33, 33, '1991-12-12 13:09:38');
INSERT INTO `user_posts` (`post_id`, `user_id`, `created_at`) VALUES (34, 34, '1983-02-11 16:55:03');
INSERT INTO `user_posts` (`post_id`, `user_id`, `created_at`) VALUES (35, 35, '2015-06-11 11:01:42');
INSERT INTO `user_posts` (`post_id`, `user_id`, `created_at`) VALUES (36, 36, '2010-08-19 06:24:04');
INSERT INTO `user_posts` (`post_id`, `user_id`, `created_at`) VALUES (37, 37, '1999-08-01 08:30:02');
INSERT INTO `user_posts` (`post_id`, `user_id`, `created_at`) VALUES (38, 38, '2001-08-14 23:56:44');
INSERT INTO `user_posts` (`post_id`, `user_id`, `created_at`) VALUES (39, 39, '2006-07-15 15:22:24');
INSERT INTO `user_posts` (`post_id`, `user_id`, `created_at`) VALUES (40, 40, '1995-02-12 12:45:13');
INSERT INTO `user_posts` (`post_id`, `user_id`, `created_at`) VALUES (41, 41, '2001-06-04 02:52:47');
INSERT INTO `user_posts` (`post_id`, `user_id`, `created_at`) VALUES (42, 42, '1983-07-16 02:46:20');
INSERT INTO `user_posts` (`post_id`, `user_id`, `created_at`) VALUES (43, 43, '1978-08-18 15:18:25');
INSERT INTO `user_posts` (`post_id`, `user_id`, `created_at`) VALUES (44, 44, '2008-11-22 08:59:07');
INSERT INTO `user_posts` (`post_id`, `user_id`, `created_at`) VALUES (45, 45, '2006-01-31 10:54:18');
INSERT INTO `user_posts` (`post_id`, `user_id`, `created_at`) VALUES (46, 46, '1997-09-24 08:26:50');
INSERT INTO `user_posts` (`post_id`, `user_id`, `created_at`) VALUES (47, 47, '1970-08-24 10:09:30');
INSERT INTO `user_posts` (`post_id`, `user_id`, `created_at`) VALUES (48, 48, '2000-09-14 00:45:25');
INSERT INTO `user_posts` (`post_id`, `user_id`, `created_at`) VALUES (49, 49, '2013-06-18 20:28:56');
INSERT INTO `user_posts` (`post_id`, `user_id`, `created_at`) VALUES (50, 50, '2021-04-21 04:54:38');
INSERT INTO `user_posts` (`post_id`, `user_id`, `created_at`) VALUES (51, 51, '2006-10-25 17:26:11');
INSERT INTO `user_posts` (`post_id`, `user_id`, `created_at`) VALUES (52, 52, '2010-05-10 01:47:26');
INSERT INTO `user_posts` (`post_id`, `user_id`, `created_at`) VALUES (53, 53, '1999-04-13 18:16:21');
INSERT INTO `user_posts` (`post_id`, `user_id`, `created_at`) VALUES (54, 54, '2018-10-12 05:22:37');
INSERT INTO `user_posts` (`post_id`, `user_id`, `created_at`) VALUES (55, 55, '2015-07-09 21:44:50');
INSERT INTO `user_posts` (`post_id`, `user_id`, `created_at`) VALUES (56, 56, '2011-10-27 00:35:47');
INSERT INTO `user_posts` (`post_id`, `user_id`, `created_at`) VALUES (57, 57, '2006-08-02 20:04:29');
INSERT INTO `user_posts` (`post_id`, `user_id`, `created_at`) VALUES (58, 58, '1989-02-17 07:54:27');
INSERT INTO `user_posts` (`post_id`, `user_id`, `created_at`) VALUES (59, 59, '2008-11-21 19:53:09');
INSERT INTO `user_posts` (`post_id`, `user_id`, `created_at`) VALUES (60, 60, '1985-09-29 04:15:20');
INSERT INTO `user_posts` (`post_id`, `user_id`, `created_at`) VALUES (61, 61, '1978-11-20 09:36:05');
INSERT INTO `user_posts` (`post_id`, `user_id`, `created_at`) VALUES (62, 62, '1975-05-26 22:59:42');
INSERT INTO `user_posts` (`post_id`, `user_id`, `created_at`) VALUES (63, 63, '2015-12-02 12:37:36');
INSERT INTO `user_posts` (`post_id`, `user_id`, `created_at`) VALUES (64, 64, '1982-05-15 22:26:48');
INSERT INTO `user_posts` (`post_id`, `user_id`, `created_at`) VALUES (65, 65, '1990-02-18 18:12:02');
INSERT INTO `user_posts` (`post_id`, `user_id`, `created_at`) VALUES (66, 66, '1995-04-06 16:44:35');
INSERT INTO `user_posts` (`post_id`, `user_id`, `created_at`) VALUES (67, 67, '2020-01-31 01:01:53');
INSERT INTO `user_posts` (`post_id`, `user_id`, `created_at`) VALUES (68, 68, '2018-07-20 17:15:43');
INSERT INTO `user_posts` (`post_id`, `user_id`, `created_at`) VALUES (69, 69, '2018-03-16 02:36:22');
INSERT INTO `user_posts` (`post_id`, `user_id`, `created_at`) VALUES (70, 70, '2013-03-06 23:54:38');
INSERT INTO `user_posts` (`post_id`, `user_id`, `created_at`) VALUES (71, 71, '1992-10-07 16:19:35');
INSERT INTO `user_posts` (`post_id`, `user_id`, `created_at`) VALUES (72, 72, '2004-05-08 13:29:23');
INSERT INTO `user_posts` (`post_id`, `user_id`, `created_at`) VALUES (73, 73, '1970-02-12 00:21:36');
INSERT INTO `user_posts` (`post_id`, `user_id`, `created_at`) VALUES (74, 74, '1984-10-11 20:30:06');
INSERT INTO `user_posts` (`post_id`, `user_id`, `created_at`) VALUES (75, 75, '2004-11-25 10:16:06');
INSERT INTO `user_posts` (`post_id`, `user_id`, `created_at`) VALUES (76, 76, '1998-05-10 18:28:51');
INSERT INTO `user_posts` (`post_id`, `user_id`, `created_at`) VALUES (77, 77, '2011-05-10 16:51:41');
INSERT INTO `user_posts` (`post_id`, `user_id`, `created_at`) VALUES (78, 78, '2017-01-18 21:10:21');
INSERT INTO `user_posts` (`post_id`, `user_id`, `created_at`) VALUES (79, 79, '1986-05-07 04:38:14');
INSERT INTO `user_posts` (`post_id`, `user_id`, `created_at`) VALUES (80, 80, '2005-08-06 00:39:44');
INSERT INTO `user_posts` (`post_id`, `user_id`, `created_at`) VALUES (81, 81, '1973-05-30 08:01:27');
INSERT INTO `user_posts` (`post_id`, `user_id`, `created_at`) VALUES (82, 82, '2002-02-05 16:18:13');
INSERT INTO `user_posts` (`post_id`, `user_id`, `created_at`) VALUES (83, 83, '1972-07-25 15:21:34');
INSERT INTO `user_posts` (`post_id`, `user_id`, `created_at`) VALUES (84, 84, '2002-06-06 12:07:00');
INSERT INTO `user_posts` (`post_id`, `user_id`, `created_at`) VALUES (85, 85, '2012-12-09 09:57:29');
INSERT INTO `user_posts` (`post_id`, `user_id`, `created_at`) VALUES (86, 86, '2005-08-07 17:55:08');
INSERT INTO `user_posts` (`post_id`, `user_id`, `created_at`) VALUES (87, 87, '1984-09-28 04:20:04');
INSERT INTO `user_posts` (`post_id`, `user_id`, `created_at`) VALUES (88, 88, '1983-03-06 08:57:31');
INSERT INTO `user_posts` (`post_id`, `user_id`, `created_at`) VALUES (89, 89, '1993-05-30 08:21:26');
INSERT INTO `user_posts` (`post_id`, `user_id`, `created_at`) VALUES (90, 90, '1976-12-30 09:48:05');
INSERT INTO `user_posts` (`post_id`, `user_id`, `created_at`) VALUES (91, 91, '2006-03-06 06:28:24');
INSERT INTO `user_posts` (`post_id`, `user_id`, `created_at`) VALUES (92, 92, '1973-10-24 05:43:39');
INSERT INTO `user_posts` (`post_id`, `user_id`, `created_at`) VALUES (93, 93, '1987-08-28 13:07:50');
INSERT INTO `user_posts` (`post_id`, `user_id`, `created_at`) VALUES (94, 94, '1977-08-23 03:35:38');
INSERT INTO `user_posts` (`post_id`, `user_id`, `created_at`) VALUES (95, 95, '1977-04-06 02:33:30');
INSERT INTO `user_posts` (`post_id`, `user_id`, `created_at`) VALUES (96, 96, '1979-03-02 05:55:13');
INSERT INTO `user_posts` (`post_id`, `user_id`, `created_at`) VALUES (97, 97, '2005-12-15 06:01:59');
INSERT INTO `user_posts` (`post_id`, `user_id`, `created_at`) VALUES (98, 98, '1972-01-30 08:33:12');
INSERT INTO `user_posts` (`post_id`, `user_id`, `created_at`) VALUES (99, 99, '1995-05-28 19:07:17');
INSERT INTO `user_posts` (`post_id`, `user_id`, `created_at`) VALUES (100, 100, '2000-06-06 18:27:43');



